planner,domain,problem,complexity,search,heuristic,solved,plan_length,time,nodes_expanded,output,plan_actions,plan_cost,search_time,total_time_fd,nodes_generated
PP-ASTAR-ADD,blocksworld,BW-1,5,astar,hadd,True,12.0,0.0725,40.0,"2026-02-13 16:45:40,041 INFO     using search: astar_search
2026-02-13 16:45:40,041 INFO     using heuristic: hAddHeuristic
2026-02-13 16:45:40,041 INFO     Parsing Domain /var/folders/jg/8lj0__cx69s42_74bth8bf5m0000gn/T/pp_PP-ASTAR-ADD_BW-1_hy05edra/domain.pddl
2026-02-13 16:45:40,041 INFO     Parsing Problem /var/folders/jg/8lj0__cx69s42_74bth8bf5m0000gn/T/pp_PP-ASTAR-ADD_BW-1_hy05edra/problem.pddl
2026-02-13 16:45:40,042 INFO     5 Predicates parsed
2026-02-13 16:45:40,042 INFO     4 Actions parsed
2026-02-13 16:45:40,042 INFO     5 Objects parsed
2026-02-13 16:45:40,042 INFO     0 Constants parsed
2026-02-13 16:45:40,042 INFO     Grounding start: blocks-5-0
2026-02-13 16:45:40,042 INFO     Relevance analysis removed 0 facts
2026-02-13 16:45:40,042 INFO     Grounding end: blocks-5-0
2026-02-13 16:45:40,042 INFO     41 Variables created
2026-02-13 16:45:40,042 INFO     60 Operators created
2026-02-13 16:45:40,042 INFO     Search start: blocks-5-0
2026-02-13 16:45:40,042 INFO     Initial h value: 12.000000
2026-02-13 16:45:40,048 INFO     Goal reached. Start extraction of solution.
2026-02-13 16:45:40,048 INFO     40 Nodes expanded
2026-02-13 16:45:40,048 INFO     Search end: blocks-5-0
2026-02-13 16:45:40,048 INFO     Search time: 0.0064
2026-02-13 16:45:40,048 INFO     Plan length: 12
2026-02-13 16:45:40,059 INFO     validate could not be found on the PATH so the plan can not be validated.

","['(unstack c e)', '(put-down c)', '(pick-up d)', '(stack d c)', '(unstack e b)']",,,,
PP-ASTAR-FF,blocksworld,BW-1,5,astar,hff,True,12.0,0.0703,25.0,"2026-02-13 16:45:40,029 INFO     using search: astar_search
2026-02-13 16:45:40,030 INFO     using heuristic: hFFHeuristic
2026-02-13 16:45:40,030 INFO     Parsing Domain /var/folders/jg/8lj0__cx69s42_74bth8bf5m0000gn/T/pp_PP-ASTAR-FF_BW-1_yo4c6yqd/domain.pddl
2026-02-13 16:45:40,030 INFO     Parsing Problem /var/folders/jg/8lj0__cx69s42_74bth8bf5m0000gn/T/pp_PP-ASTAR-FF_BW-1_yo4c6yqd/problem.pddl
2026-02-13 16:45:40,030 INFO     5 Predicates parsed
2026-02-13 16:45:40,030 INFO     4 Actions parsed
2026-02-13 16:45:40,030 INFO     5 Objects parsed
2026-02-13 16:45:40,030 INFO     0 Constants parsed
2026-02-13 16:45:40,030 INFO     Grounding start: blocks-5-0
2026-02-13 16:45:40,030 INFO     Relevance analysis removed 0 facts
2026-02-13 16:45:40,030 INFO     Grounding end: blocks-5-0
2026-02-13 16:45:40,030 INFO     41 Variables created
2026-02-13 16:45:40,030 INFO     60 Operators created
2026-02-13 16:45:40,031 INFO     Search start: blocks-5-0
2026-02-13 16:45:40,031 INFO     Initial h value: 8.000000
2026-02-13 16:45:40,034 INFO     Goal reached. Start extraction of solution.
2026-02-13 16:45:40,034 INFO     25 Nodes expanded
2026-02-13 16:45:40,034 INFO     Search end: blocks-5-0
2026-02-13 16:45:40,034 INFO     Search time: 0.0035
2026-02-13 16:45:40,034 INFO     Plan length: 12
2026-02-13 16:45:40,049 INFO     validate could not be found on the PATH so the plan can not be validated.

","['(unstack c e)', '(put-down c)', '(pick-up d)', '(stack d c)', '(unstack e b)']",,,,
PP-GBF-FF,blocksworld,BW-1,5,gbf,hff,True,12.0,0.0655,18.0,"2026-02-13 16:45:40,037 INFO     using search: greedy_best_first_search
2026-02-13 16:45:40,037 INFO     using heuristic: hFFHeuristic
2026-02-13 16:45:40,037 INFO     Parsing Domain /var/folders/jg/8lj0__cx69s42_74bth8bf5m0000gn/T/pp_PP-GBF-FF_BW-1_5k5gs98c/domain.pddl
2026-02-13 16:45:40,037 INFO     Parsing Problem /var/folders/jg/8lj0__cx69s42_74bth8bf5m0000gn/T/pp_PP-GBF-FF_BW-1_5k5gs98c/problem.pddl
2026-02-13 16:45:40,038 INFO     5 Predicates parsed
2026-02-13 16:45:40,038 INFO     4 Actions parsed
2026-02-13 16:45:40,038 INFO     5 Objects parsed
2026-02-13 16:45:40,038 INFO     0 Constants parsed
2026-02-13 16:45:40,038 INFO     Grounding start: blocks-5-0
2026-02-13 16:45:40,038 INFO     Relevance analysis removed 0 facts
2026-02-13 16:45:40,038 INFO     Grounding end: blocks-5-0
2026-02-13 16:45:40,038 INFO     41 Variables created
2026-02-13 16:45:40,038 INFO     60 Operators created
2026-02-13 16:45:40,038 INFO     Search start: blocks-5-0
2026-02-13 16:45:40,038 INFO     Initial h value: 8.000000
2026-02-13 16:45:40,040 INFO     Goal reached. Start extraction of solution.
2026-02-13 16:45:40,040 INFO     18 Nodes expanded
2026-02-13 16:45:40,040 INFO     Search end: blocks-5-0
2026-02-13 16:45:40,040 INFO     Search time: 0.0023
2026-02-13 16:45:40,040 INFO     Plan length: 12
2026-02-13 16:45:40,049 INFO     validate could not be found on the PATH so the plan can not be validated.

","['(unstack c e)', '(put-down c)', '(pick-up d)', '(stack d c)', '(unstack e b)']",,,,
PP-ASTAR-ADD,blocksworld,BW-2,7,astar,hadd,True,22.0,0.1255,47.0,"2026-02-13 16:45:40,064 INFO     using search: astar_search
2026-02-13 16:45:40,064 INFO     using heuristic: hAddHeuristic
2026-02-13 16:45:40,064 INFO     Parsing Domain /var/folders/jg/8lj0__cx69s42_74bth8bf5m0000gn/T/pp_PP-ASTAR-ADD_BW-2_fgofmh_8/domain.pddl
2026-02-13 16:45:40,064 INFO     Parsing Problem /var/folders/jg/8lj0__cx69s42_74bth8bf5m0000gn/T/pp_PP-ASTAR-ADD_BW-2_fgofmh_8/problem.pddl
2026-02-13 16:45:40,064 INFO     5 Predicates parsed
2026-02-13 16:45:40,065 INFO     4 Actions parsed
2026-02-13 16:45:40,065 INFO     7 Objects parsed
2026-02-13 16:45:40,065 INFO     0 Constants parsed
2026-02-13 16:45:40,065 INFO     Grounding start: blocks-7-0
2026-02-13 16:45:40,065 INFO     Relevance analysis removed 0 facts
2026-02-13 16:45:40,065 INFO     Grounding end: blocks-7-0
2026-02-13 16:45:40,065 INFO     71 Variables created
2026-02-13 16:45:40,065 INFO     112 Operators created
2026-02-13 16:45:40,066 INFO     Search start: blocks-7-0
2026-02-13 16:45:40,066 INFO     Initial h value: 51.000000
2026-02-13 16:45:40,081 INFO     Goal reached. Start extraction of solution.
2026-02-13 16:45:40,081 INFO     47 Nodes expanded
2026-02-13 16:45:40,081 INFO     Search end: blocks-7-0
2026-02-13 16:45:40,081 INFO     Search time: 0.015
2026-02-13 16:45:40,081 INFO     Plan length: 22
2026-02-13 16:45:40,118 INFO     validate could not be found on the PATH so the plan can not be validated.

","['(unstack e g)', '(put-down e)', '(unstack g b)', '(put-down g)', '(unstack b a)']",,,,
PP-ASTAR-FF,blocksworld,BW-2,7,astar,hff,True,20.0,0.1515,110.0,"2026-02-13 16:45:40,046 INFO     using search: astar_search
2026-02-13 16:45:40,046 INFO     using heuristic: hFFHeuristic
2026-02-13 16:45:40,046 INFO     Parsing Domain /var/folders/jg/8lj0__cx69s42_74bth8bf5m0000gn/T/pp_PP-ASTAR-FF_BW-2_bym42_qn/domain.pddl
2026-02-13 16:45:40,046 INFO     Parsing Problem /var/folders/jg/8lj0__cx69s42_74bth8bf5m0000gn/T/pp_PP-ASTAR-FF_BW-2_bym42_qn/problem.pddl
2026-02-13 16:45:40,046 INFO     5 Predicates parsed
2026-02-13 16:45:40,046 INFO     4 Actions parsed
2026-02-13 16:45:40,046 INFO     7 Objects parsed
2026-02-13 16:45:40,046 INFO     0 Constants parsed
2026-02-13 16:45:40,046 INFO     Grounding start: blocks-7-0
2026-02-13 16:45:40,047 INFO     Relevance analysis removed 0 facts
2026-02-13 16:45:40,047 INFO     Grounding end: blocks-7-0
2026-02-13 16:45:40,047 INFO     71 Variables created
2026-02-13 16:45:40,047 INFO     112 Operators created
2026-02-13 16:45:40,047 INFO     Search start: blocks-7-0
2026-02-13 16:45:40,048 INFO     Initial h value: 13.000000
2026-02-13 16:45:40,087 INFO     Goal reached. Start extraction of solution.
2026-02-13 16:45:40,087 INFO     110 Nodes expanded
2026-02-13 16:45:40,088 INFO     Search end: blocks-7-0
2026-02-13 16:45:40,088 INFO     Search time: 0.038
2026-02-13 16:45:40,088 INFO     Plan length: 20
2026-02-13 16:45:40,132 INFO     validate could not be found on the PATH so the plan can not be validated.

","['(unstack e g)', '(put-down e)', '(unstack g b)', '(put-down g)', '(unstack b a)']",,,,
PP-GBF-FF,blocksworld,BW-2,7,gbf,hff,True,22.0,0.141,36.0,"2026-02-13 16:45:40,064 INFO     using search: greedy_best_first_search
2026-02-13 16:45:40,064 INFO     using heuristic: hFFHeuristic
2026-02-13 16:45:40,064 INFO     Parsing Domain /var/folders/jg/8lj0__cx69s42_74bth8bf5m0000gn/T/pp_PP-GBF-FF_BW-2_9o7st434/domain.pddl
2026-02-13 16:45:40,064 INFO     Parsing Problem /var/folders/jg/8lj0__cx69s42_74bth8bf5m0000gn/T/pp_PP-GBF-FF_BW-2_9o7st434/problem.pddl
2026-02-13 16:45:40,064 INFO     5 Predicates parsed
2026-02-13 16:45:40,064 INFO     4 Actions parsed
2026-02-13 16:45:40,064 INFO     7 Objects parsed
2026-02-13 16:45:40,064 INFO     0 Constants parsed
2026-02-13 16:45:40,064 INFO     Grounding start: blocks-7-0
2026-02-13 16:45:40,065 INFO     Relevance analysis removed 0 facts
2026-02-13 16:45:40,065 INFO     Grounding end: blocks-7-0
2026-02-13 16:45:40,065 INFO     71 Variables created
2026-02-13 16:45:40,065 INFO     112 Operators created
2026-02-13 16:45:40,066 INFO     Search start: blocks-7-0
2026-02-13 16:45:40,067 INFO     Initial h value: 13.000000
2026-02-13 16:45:40,083 INFO     Goal reached. Start extraction of solution.
2026-02-13 16:45:40,083 INFO     36 Nodes expanded
2026-02-13 16:45:40,083 INFO     Search end: blocks-7-0
2026-02-13 16:45:40,083 INFO     Search time: 0.016
2026-02-13 16:45:40,083 INFO     Plan length: 22
2026-02-13 16:45:40,124 INFO     validate could not be found on the PATH so the plan can not be validated.

","['(unstack e g)', '(put-down e)', '(unstack g b)', '(put-down g)', '(unstack b a)']",,,,
PP-ASTAR-ADD,blocksworld,BW-3,9,astar,hadd,True,34.0,1.0372,962.0,"2026-02-13 16:45:40,092 INFO     using search: astar_search
2026-02-13 16:45:40,092 INFO     using heuristic: hAddHeuristic
2026-02-13 16:45:40,092 INFO     Parsing Domain /var/folders/jg/8lj0__cx69s42_74bth8bf5m0000gn/T/pp_PP-ASTAR-ADD_BW-3_wto5x5by/domain.pddl
2026-02-13 16:45:40,093 INFO     Parsing Problem /var/folders/jg/8lj0__cx69s42_74bth8bf5m0000gn/T/pp_PP-ASTAR-ADD_BW-3_wto5x5by/problem.pddl
2026-02-13 16:45:40,093 INFO     5 Predicates parsed
2026-02-13 16:45:40,093 INFO     4 Actions parsed
2026-02-13 16:45:40,093 INFO     9 Objects parsed
2026-02-13 16:45:40,093 INFO     0 Constants parsed
2026-02-13 16:45:40,093 INFO     Grounding start: blocks-9-1
2026-02-13 16:45:40,094 INFO     Relevance analysis removed 0 facts
2026-02-13 16:45:40,094 INFO     Grounding end: blocks-9-1
2026-02-13 16:45:40,094 INFO     109 Variables created
2026-02-13 16:45:40,094 INFO     180 Operators created
2026-02-13 16:45:40,094 INFO     Search start: blocks-9-1
2026-02-13 16:45:40,095 INFO     Initial h value: 78.000000
2026-02-13 16:45:41,076 INFO     Goal reached. Start extraction of solution.
2026-02-13 16:45:41,076 INFO     962 Nodes expanded
2026-02-13 16:45:41,077 INFO     Search end: blocks-9-1
2026-02-13 16:45:41,077 INFO     Search time: 0.86
2026-02-13 16:45:41,077 INFO     Plan length: 34
2026-02-13 16:45:41,094 INFO     validate could not be found on the PATH so the plan can not be validated.

","['(unstack f e)', '(put-down f)', '(unstack e b)', '(put-down e)', '(unstack b d)']",,,,
PP-ASTAR-FF,blocksworld,BW-3,9,astar,hff,True,28.0,0.5852,694.0,"2026-02-13 16:45:40,089 INFO     using search: astar_search
2026-02-13 16:45:40,089 INFO     using heuristic: hFFHeuristic
2026-02-13 16:45:40,089 INFO     Parsing Domain /var/folders/jg/8lj0__cx69s42_74bth8bf5m0000gn/T/pp_PP-ASTAR-FF_BW-3_c1synwe8/domain.pddl
2026-02-13 16:45:40,089 INFO     Parsing Problem /var/folders/jg/8lj0__cx69s42_74bth8bf5m0000gn/T/pp_PP-ASTAR-FF_BW-3_c1synwe8/problem.pddl
2026-02-13 16:45:40,089 INFO     5 Predicates parsed
2026-02-13 16:45:40,089 INFO     4 Actions parsed
2026-02-13 16:45:40,089 INFO     9 Objects parsed
2026-02-13 16:45:40,089 INFO     0 Constants parsed
2026-02-13 16:45:40,089 INFO     Grounding start: blocks-9-1
2026-02-13 16:45:40,090 INFO     Relevance analysis removed 0 facts
2026-02-13 16:45:40,090 INFO     Grounding end: blocks-9-1
2026-02-13 16:45:40,091 INFO     109 Variables created
2026-02-13 16:45:40,091 INFO     180 Operators created
2026-02-13 16:45:40,091 INFO     Search start: blocks-9-1
2026-02-13 16:45:40,091 INFO     Initial h value: 16.000000
2026-02-13 16:45:40,630 INFO     Goal reached. Start extraction of solution.
2026-02-13 16:45:40,630 INFO     694 Nodes expanded
2026-02-13 16:45:40,631 INFO     Search end: blocks-9-1
2026-02-13 16:45:40,631 INFO     Search time: 0.48
2026-02-13 16:45:40,631 INFO     Plan length: 28
2026-02-13 16:45:40,634 INFO     validate could not be found on the PATH so the plan can not be validated.

","['(unstack f e)', '(put-down f)', '(unstack e b)', '(put-down e)', '(unstack b d)']",,,,
PP-GBF-FF,blocksworld,BW-3,9,gbf,hff,True,64.0,0.566,813.0,"2026-02-13 16:45:40,089 INFO     using search: greedy_best_first_search
2026-02-13 16:45:40,089 INFO     using heuristic: hFFHeuristic
2026-02-13 16:45:40,089 INFO     Parsing Domain /var/folders/jg/8lj0__cx69s42_74bth8bf5m0000gn/T/pp_PP-GBF-FF_BW-3_4qqznil3/domain.pddl
2026-02-13 16:45:40,089 INFO     Parsing Problem /var/folders/jg/8lj0__cx69s42_74bth8bf5m0000gn/T/pp_PP-GBF-FF_BW-3_4qqznil3/problem.pddl
2026-02-13 16:45:40,089 INFO     5 Predicates parsed
2026-02-13 16:45:40,089 INFO     4 Actions parsed
2026-02-13 16:45:40,089 INFO     9 Objects parsed
2026-02-13 16:45:40,089 INFO     0 Constants parsed
2026-02-13 16:45:40,089 INFO     Grounding start: blocks-9-1
2026-02-13 16:45:40,091 INFO     Relevance analysis removed 0 facts
2026-02-13 16:45:40,091 INFO     Grounding end: blocks-9-1
2026-02-13 16:45:40,091 INFO     109 Variables created
2026-02-13 16:45:40,091 INFO     180 Operators created
2026-02-13 16:45:40,091 INFO     Search start: blocks-9-1
2026-02-13 16:45:40,091 INFO     Initial h value: 16.000000
2026-02-13 16:45:40,618 INFO     Goal reached. Start extraction of solution.
2026-02-13 16:45:40,618 INFO     813 Nodes expanded
2026-02-13 16:45:40,619 INFO     Search end: blocks-9-1
2026-02-13 16:45:40,619 INFO     Search time: 0.47
2026-02-13 16:45:40,619 INFO     Plan length: 64
2026-02-13 16:45:40,621 INFO     validate could not be found on the PATH so the plan can not be validated.

","['(unstack f e)', '(put-down f)', '(unstack e b)', '(put-down e)', '(pick-up f)']",,,,
PP-ASTAR-ADD,blocksworld,BW-4,12,astar,hadd,True,46.0,8.4157,3839.0,"2026-02-13 16:45:40,178 INFO     using search: astar_search
2026-02-13 16:45:40,178 INFO     using heuristic: hAddHeuristic
2026-02-13 16:45:40,178 INFO     Parsing Domain /var/folders/jg/8lj0__cx69s42_74bth8bf5m0000gn/T/pp_PP-ASTAR-ADD_BW-4_o_dlseiz/domain.pddl
2026-02-13 16:45:40,179 INFO     Parsing Problem /var/folders/jg/8lj0__cx69s42_74bth8bf5m0000gn/T/pp_PP-ASTAR-ADD_BW-4_o_dlseiz/problem.pddl
2026-02-13 16:45:40,179 INFO     5 Predicates parsed
2026-02-13 16:45:40,179 INFO     4 Actions parsed
2026-02-13 16:45:40,179 INFO     12 Objects parsed
2026-02-13 16:45:40,179 INFO     0 Constants parsed
2026-02-13 16:45:40,179 INFO     Grounding start: blocks-12-0
2026-02-13 16:45:40,181 INFO     Relevance analysis removed 0 facts
2026-02-13 16:45:40,181 INFO     Grounding end: blocks-12-0
2026-02-13 16:45:40,181 INFO     181 Variables created
2026-02-13 16:45:40,181 INFO     312 Operators created
2026-02-13 16:45:40,181 INFO     Search start: blocks-12-0
2026-02-13 16:45:40,181 INFO     Initial h value: 70.000000
2026-02-13 16:45:48,532 INFO     Goal reached. Start extraction of solution.
2026-02-13 16:45:48,532 INFO     3839 Nodes expanded
2026-02-13 16:45:48,537 INFO     Search end: blocks-12-0
2026-02-13 16:45:48,537 INFO     Search time: 7.7
2026-02-13 16:45:48,537 INFO     Plan length: 46
2026-02-13 16:45:48,552 INFO     validate could not be found on the PATH so the plan can not be validated.

","['(unstack h a)', '(put-down h)', '(unstack a g)', '(stack a h)', '(unstack g k)']",,,,
PP-ASTAR-FF,blocksworld,BW-4,12,astar,hff,False,,60.0254,,TIMEOUT,[],,,,
PP-GBF-FF,blocksworld,BW-4,12,gbf,hff,True,94.0,30.384,24187.0,"2026-02-13 16:45:40,183 INFO     using search: greedy_best_first_search
2026-02-13 16:45:40,183 INFO     using heuristic: hFFHeuristic
2026-02-13 16:45:40,183 INFO     Parsing Domain /var/folders/jg/8lj0__cx69s42_74bth8bf5m0000gn/T/pp_PP-GBF-FF_BW-4_mjabhplr/domain.pddl
2026-02-13 16:45:40,183 INFO     Parsing Problem /var/folders/jg/8lj0__cx69s42_74bth8bf5m0000gn/T/pp_PP-GBF-FF_BW-4_mjabhplr/problem.pddl
2026-02-13 16:45:40,184 INFO     5 Predicates parsed
2026-02-13 16:45:40,184 INFO     4 Actions parsed
2026-02-13 16:45:40,184 INFO     12 Objects parsed
2026-02-13 16:45:40,184 INFO     0 Constants parsed
2026-02-13 16:45:40,184 INFO     Grounding start: blocks-12-0
2026-02-13 16:45:40,185 INFO     Relevance analysis removed 0 facts
2026-02-13 16:45:40,185 INFO     Grounding end: blocks-12-0
2026-02-13 16:45:40,185 INFO     181 Variables created
2026-02-13 16:45:40,185 INFO     312 Operators created
2026-02-13 16:45:40,185 INFO     Search start: blocks-12-0
2026-02-13 16:45:40,186 INFO     Initial h value: 22.000000
2026-02-13 16:46:10,463 INFO     Goal reached. Start extraction of solution.
2026-02-13 16:46:10,463 INFO     24187 Nodes expanded
2026-02-13 16:46:10,478 INFO     Search end: blocks-12-0
2026-02-13 16:46:10,478 INFO     Search time: 2.8e+01
2026-02-13 16:46:10,479 INFO     Plan length: 94
2026-02-13 16:46:10,515 INFO     validate could not be found on the PATH so the plan can not be validated.

","['(unstack h a)', '(put-down h)', '(unstack a g)', '(stack a h)', '(unstack g k)']",,,,
PP-ASTAR-ADD,blocksworld,BW-5,17,astar,hadd,False,,60.0079,,TIMEOUT,[],,,,
PP-ASTAR-FF,blocksworld,BW-5,17,astar,hff,False,,60.0118,,TIMEOUT,[],,,,
PP-GBF-FF,blocksworld,BW-5,17,gbf,hff,True,138.0,15.5348,4667.0,"2026-02-13 16:45:40,669 INFO     using search: greedy_best_first_search
2026-02-13 16:45:40,669 INFO     using heuristic: hFFHeuristic
2026-02-13 16:45:40,669 INFO     Parsing Domain /var/folders/jg/8lj0__cx69s42_74bth8bf5m0000gn/T/pp_PP-GBF-FF_BW-5_55y5ng_f/domain.pddl
2026-02-13 16:45:40,670 INFO     Parsing Problem /var/folders/jg/8lj0__cx69s42_74bth8bf5m0000gn/T/pp_PP-GBF-FF_BW-5_55y5ng_f/problem.pddl
2026-02-13 16:45:40,670 INFO     5 Predicates parsed
2026-02-13 16:45:40,670 INFO     4 Actions parsed
2026-02-13 16:45:40,670 INFO     17 Objects parsed
2026-02-13 16:45:40,670 INFO     0 Constants parsed
2026-02-13 16:45:40,670 INFO     Grounding start: blocks-17-0
2026-02-13 16:45:40,672 INFO     Relevance analysis removed 0 facts
2026-02-13 16:45:40,673 INFO     Grounding end: blocks-17-0
2026-02-13 16:45:40,673 INFO     341 Variables created
2026-02-13 16:45:40,673 INFO     612 Operators created
2026-02-13 16:45:40,673 INFO     Search start: blocks-17-0
2026-02-13 16:45:40,674 INFO     Initial h value: 33.000000
2026-02-13 16:45:56,161 INFO     Goal reached. Start extraction of solution.
2026-02-13 16:45:56,161 INFO     4667 Nodes expanded
2026-02-13 16:45:56,164 INFO     Search end: blocks-17-0
2026-02-13 16:45:56,164 INFO     Search time: 1.4e+01
2026-02-13 16:45:56,164 INFO     Plan length: 138
2026-02-13 16:45:56,169 INFO     validate could not be found on the PATH so the plan can not be validated.

","['(unstack q a)', '(put-down q)', '(pick-up p)', '(stack p a)', '(unstack g d)']",,,,
PP-ASTAR-ADD,gripper,GR-1,4,astar,hadd,True,13.0,0.0702,88.0,"2026-02-13 16:45:48,771 INFO     using search: astar_search
2026-02-13 16:45:48,771 INFO     using heuristic: hAddHeuristic
2026-02-13 16:45:48,771 INFO     Parsing Domain /var/folders/jg/8lj0__cx69s42_74bth8bf5m0000gn/T/pp_PP-ASTAR-ADD_GR-1_ne11_ste/domain.pddl
2026-02-13 16:45:48,771 INFO     Parsing Problem /var/folders/jg/8lj0__cx69s42_74bth8bf5m0000gn/T/pp_PP-ASTAR-ADD_GR-1_ne11_ste/problem.pddl
2026-02-13 16:45:48,771 INFO     7 Predicates parsed
2026-02-13 16:45:48,771 INFO     3 Actions parsed
2026-02-13 16:45:48,771 INFO     8 Objects parsed
2026-02-13 16:45:48,771 INFO     0 Constants parsed
2026-02-13 16:45:48,771 INFO     Grounding start: strips-gripper-x-1
2026-02-13 16:45:48,772 INFO     Relevance analysis removed 0 facts
2026-02-13 16:45:48,772 INFO     Grounding end: strips-gripper-x-1
2026-02-13 16:45:48,772 INFO     20 Variables created
2026-02-13 16:45:48,772 INFO     34 Operators created
2026-02-13 16:45:48,772 INFO     Search start: strips-gripper-x-1
2026-02-13 16:45:48,772 INFO     Initial h value: 12.000000
2026-02-13 16:45:48,781 INFO     Goal reached. Start extraction of solution.
2026-02-13 16:45:48,781 INFO     88 Nodes expanded
2026-02-13 16:45:48,781 INFO     Search end: strips-gripper-x-1
2026-02-13 16:45:48,781 INFO     Search time: 0.0087
2026-02-13 16:45:48,781 INFO     Plan length: 13
2026-02-13 16:45:48,807 INFO     validate could not be found on the PATH so the plan can not be validated.

","['(pick ball2 rooma right)', '(move rooma roomb)', '(drop ball2 roomb right)', '(move roomb rooma)', '(pick ball1 rooma right)']",,,,
PP-ASTAR-FF,gripper,GR-1,4,astar,hff,True,11.0,0.0622,82.0,"2026-02-13 16:45:48,604 INFO     using search: astar_search
2026-02-13 16:45:48,604 INFO     using heuristic: hFFHeuristic
2026-02-13 16:45:48,604 INFO     Parsing Domain /var/folders/jg/8lj0__cx69s42_74bth8bf5m0000gn/T/pp_PP-ASTAR-FF_GR-1_yro6uv6z/domain.pddl
2026-02-13 16:45:48,604 INFO     Parsing Problem /var/folders/jg/8lj0__cx69s42_74bth8bf5m0000gn/T/pp_PP-ASTAR-FF_GR-1_yro6uv6z/problem.pddl
2026-02-13 16:45:48,604 INFO     7 Predicates parsed
2026-02-13 16:45:48,604 INFO     3 Actions parsed
2026-02-13 16:45:48,604 INFO     8 Objects parsed
2026-02-13 16:45:48,604 INFO     0 Constants parsed
2026-02-13 16:45:48,604 INFO     Grounding start: strips-gripper-x-1
2026-02-13 16:45:48,605 INFO     Relevance analysis removed 0 facts
2026-02-13 16:45:48,605 INFO     Grounding end: strips-gripper-x-1
2026-02-13 16:45:48,605 INFO     20 Variables created
2026-02-13 16:45:48,605 INFO     34 Operators created
2026-02-13 16:45:48,605 INFO     Search start: strips-gripper-x-1
2026-02-13 16:45:48,605 INFO     Initial h value: 9.000000
2026-02-13 16:45:48,613 INFO     Goal reached. Start extraction of solution.
2026-02-13 16:45:48,613 INFO     82 Nodes expanded
2026-02-13 16:45:48,613 INFO     Search end: strips-gripper-x-1
2026-02-13 16:45:48,613 INFO     Search time: 0.0074
2026-02-13 16:45:48,613 INFO     Plan length: 11
2026-02-13 16:45:48,621 INFO     validate could not be found on the PATH so the plan can not be validated.

","['(pick ball3 rooma left)', '(pick ball4 rooma right)', '(move rooma roomb)', '(drop ball3 roomb left)', '(drop ball4 roomb right)']",,,,
PP-GBF-FF,gripper,GR-1,4,gbf,hff,True,13.0,0.1126,26.0,"2026-02-13 16:45:48,694 INFO     using search: greedy_best_first_search
2026-02-13 16:45:48,694 INFO     using heuristic: hFFHeuristic
2026-02-13 16:45:48,694 INFO     Parsing Domain /var/folders/jg/8lj0__cx69s42_74bth8bf5m0000gn/T/pp_PP-GBF-FF_GR-1_th58gdyt/domain.pddl
2026-02-13 16:45:48,694 INFO     Parsing Problem /var/folders/jg/8lj0__cx69s42_74bth8bf5m0000gn/T/pp_PP-GBF-FF_GR-1_th58gdyt/problem.pddl
2026-02-13 16:45:48,694 INFO     7 Predicates parsed
2026-02-13 16:45:48,694 INFO     3 Actions parsed
2026-02-13 16:45:48,694 INFO     8 Objects parsed
2026-02-13 16:45:48,694 INFO     0 Constants parsed
2026-02-13 16:45:48,694 INFO     Grounding start: strips-gripper-x-1
2026-02-13 16:45:48,695 INFO     Relevance analysis removed 0 facts
2026-02-13 16:45:48,695 INFO     Grounding end: strips-gripper-x-1
2026-02-13 16:45:48,695 INFO     20 Variables created
2026-02-13 16:45:48,695 INFO     34 Operators created
2026-02-13 16:45:48,695 INFO     Search start: strips-gripper-x-1
2026-02-13 16:45:48,695 INFO     Initial h value: 9.000000
2026-02-13 16:45:48,698 INFO     Goal reached. Start extraction of solution.
2026-02-13 16:45:48,698 INFO     26 Nodes expanded
2026-02-13 16:45:48,698 INFO     Search end: strips-gripper-x-1
2026-02-13 16:45:48,698 INFO     Search time: 0.003
2026-02-13 16:45:48,698 INFO     Plan length: 13
2026-02-13 16:45:48,736 INFO     validate could not be found on the PATH so the plan can not be validated.

","['(pick ball1 rooma right)', '(move rooma roomb)', '(drop ball1 roomb right)', '(move roomb rooma)', '(pick ball3 rooma right)']",,,,
PP-ASTAR-ADD,gripper,GR-2,10,astar,hadd,True,37.0,10.2399,22069.0,"2026-02-13 16:45:56,388 INFO     using search: astar_search
2026-02-13 16:45:56,388 INFO     using heuristic: hAddHeuristic
2026-02-13 16:45:56,388 INFO     Parsing Domain /var/folders/jg/8lj0__cx69s42_74bth8bf5m0000gn/T/pp_PP-ASTAR-ADD_GR-2_7k95f4oq/domain.pddl
2026-02-13 16:45:56,388 INFO     Parsing Problem /var/folders/jg/8lj0__cx69s42_74bth8bf5m0000gn/T/pp_PP-ASTAR-ADD_GR-2_7k95f4oq/problem.pddl
2026-02-13 16:45:56,388 INFO     7 Predicates parsed
2026-02-13 16:45:56,388 INFO     3 Actions parsed
2026-02-13 16:45:56,388 INFO     14 Objects parsed
2026-02-13 16:45:56,388 INFO     0 Constants parsed
2026-02-13 16:45:56,388 INFO     Grounding start: strips-gripper-x-4
2026-02-13 16:45:56,390 INFO     Relevance analysis removed 0 facts
2026-02-13 16:45:56,390 INFO     Grounding end: strips-gripper-x-4
2026-02-13 16:45:56,390 INFO     44 Variables created
2026-02-13 16:45:56,390 INFO     82 Operators created
2026-02-13 16:45:56,390 INFO     Search start: strips-gripper-x-4
2026-02-13 16:45:56,390 INFO     Initial h value: 30.000000
2026-02-13 16:46:06,561 INFO     Goal reached. Start extraction of solution.
2026-02-13 16:46:06,561 INFO     22069 Nodes expanded
2026-02-13 16:46:06,575 INFO     Search end: strips-gripper-x-4
2026-02-13 16:46:06,575 INFO     Search time: 9.2
2026-02-13 16:46:06,575 INFO     Plan length: 37
2026-02-13 16:46:06,590 INFO     validate could not be found on the PATH so the plan can not be validated.

","['(pick ball7 rooma left)', '(move rooma roomb)', '(drop ball7 roomb left)', '(move roomb rooma)', '(pick ball4 rooma left)']",,,,
PP-ASTAR-FF,gripper,GR-2,10,astar,hff,True,29.0,19.6899,65687.0,"2026-02-13 16:45:48,851 INFO     using search: astar_search
2026-02-13 16:45:48,851 INFO     using heuristic: hFFHeuristic
2026-02-13 16:45:48,851 INFO     Parsing Domain /var/folders/jg/8lj0__cx69s42_74bth8bf5m0000gn/T/pp_PP-ASTAR-FF_GR-2_ei2zowmi/domain.pddl
2026-02-13 16:45:48,851 INFO     Parsing Problem /var/folders/jg/8lj0__cx69s42_74bth8bf5m0000gn/T/pp_PP-ASTAR-FF_GR-2_ei2zowmi/problem.pddl
2026-02-13 16:45:48,852 INFO     7 Predicates parsed
2026-02-13 16:45:48,852 INFO     3 Actions parsed
2026-02-13 16:45:48,852 INFO     14 Objects parsed
2026-02-13 16:45:48,852 INFO     0 Constants parsed
2026-02-13 16:45:48,852 INFO     Grounding start: strips-gripper-x-4
2026-02-13 16:45:48,853 INFO     Relevance analysis removed 0 facts
2026-02-13 16:45:48,853 INFO     Grounding end: strips-gripper-x-4
2026-02-13 16:45:48,853 INFO     44 Variables created
2026-02-13 16:45:48,853 INFO     82 Operators created
2026-02-13 16:45:48,854 INFO     Search start: strips-gripper-x-4
2026-02-13 16:45:48,855 INFO     Initial h value: 21.000000
2026-02-13 16:46:08,463 INFO     Goal reached. Start extraction of solution.
2026-02-13 16:46:08,463 INFO     65687 Nodes expanded
2026-02-13 16:46:08,470 INFO     Search end: strips-gripper-x-4
2026-02-13 16:46:08,470 INFO     Search time: 1.8e+01
2026-02-13 16:46:08,470 INFO     Plan length: 29
2026-02-13 16:46:08,493 INFO     validate could not be found on the PATH so the plan can not be validated.

","['(pick ball2 rooma right)', '(pick ball7 rooma left)', '(move rooma roomb)', '(drop ball2 roomb right)', '(drop ball7 roomb left)']",,,,
PP-GBF-FF,gripper,GR-2,10,gbf,hff,True,37.0,0.1752,134.0,"2026-02-13 16:45:56,214 INFO     using search: greedy_best_first_search
2026-02-13 16:45:56,214 INFO     using heuristic: hFFHeuristic
2026-02-13 16:45:56,214 INFO     Parsing Domain /var/folders/jg/8lj0__cx69s42_74bth8bf5m0000gn/T/pp_PP-GBF-FF_GR-2_rq35penx/domain.pddl
2026-02-13 16:45:56,214 INFO     Parsing Problem /var/folders/jg/8lj0__cx69s42_74bth8bf5m0000gn/T/pp_PP-GBF-FF_GR-2_rq35penx/problem.pddl
2026-02-13 16:45:56,214 INFO     7 Predicates parsed
2026-02-13 16:45:56,214 INFO     3 Actions parsed
2026-02-13 16:45:56,214 INFO     14 Objects parsed
2026-02-13 16:45:56,214 INFO     0 Constants parsed
2026-02-13 16:45:56,214 INFO     Grounding start: strips-gripper-x-4
2026-02-13 16:45:56,216 INFO     Relevance analysis removed 0 facts
2026-02-13 16:45:56,216 INFO     Grounding end: strips-gripper-x-4
2026-02-13 16:45:56,216 INFO     44 Variables created
2026-02-13 16:45:56,216 INFO     82 Operators created
2026-02-13 16:45:56,216 INFO     Search start: strips-gripper-x-4
2026-02-13 16:45:56,216 INFO     Initial h value: 21.000000
2026-02-13 16:45:56,291 INFO     Goal reached. Start extraction of solution.
2026-02-13 16:45:56,291 INFO     134 Nodes expanded
2026-02-13 16:45:56,292 INFO     Search end: strips-gripper-x-4
2026-02-13 16:45:56,292 INFO     Search time: 0.067
2026-02-13 16:45:56,292 INFO     Plan length: 37
2026-02-13 16:45:56,344 INFO     validate could not be found on the PATH so the plan can not be validated.

","['(pick ball3 rooma left)', '(move rooma roomb)', '(drop ball3 roomb left)', '(move roomb rooma)', '(pick ball4 rooma left)']",,,,
PP-ASTAR-ADD,gripper,GR-3,16,astar,hadd,False,,60.0207,,TIMEOUT,[],,,,
PP-ASTAR-FF,gripper,GR-3,16,astar,hff,False,,60.0457,,TIMEOUT,[],,,,
PP-GBF-FF,gripper,GR-3,16,gbf,hff,True,61.0,0.4579,314.0,"2026-02-13 16:46:08,538 INFO     using search: greedy_best_first_search
2026-02-13 16:46:08,538 INFO     using heuristic: hFFHeuristic
2026-02-13 16:46:08,538 INFO     Parsing Domain /var/folders/jg/8lj0__cx69s42_74bth8bf5m0000gn/T/pp_PP-GBF-FF_GR-3_sx5bqigj/domain.pddl
2026-02-13 16:46:08,538 INFO     Parsing Problem /var/folders/jg/8lj0__cx69s42_74bth8bf5m0000gn/T/pp_PP-GBF-FF_GR-3_sx5bqigj/problem.pddl
2026-02-13 16:46:08,538 INFO     7 Predicates parsed
2026-02-13 16:46:08,538 INFO     3 Actions parsed
2026-02-13 16:46:08,538 INFO     20 Objects parsed
2026-02-13 16:46:08,538 INFO     0 Constants parsed
2026-02-13 16:46:08,538 INFO     Grounding start: strips-gripper-x-7
2026-02-13 16:46:08,540 INFO     Relevance analysis removed 0 facts
2026-02-13 16:46:08,541 INFO     Grounding end: strips-gripper-x-7
2026-02-13 16:46:08,541 INFO     68 Variables created
2026-02-13 16:46:08,541 INFO     130 Operators created
2026-02-13 16:46:08,541 INFO     Search start: strips-gripper-x-7
2026-02-13 16:46:08,541 INFO     Initial h value: 33.000000
2026-02-13 16:46:08,943 INFO     Goal reached. Start extraction of solution.
2026-02-13 16:46:08,943 INFO     314 Nodes expanded
2026-02-13 16:46:08,944 INFO     Search end: strips-gripper-x-7
2026-02-13 16:46:08,944 INFO     Search time: 0.38
2026-02-13 16:46:08,944 INFO     Plan length: 61
2026-02-13 16:46:08,958 INFO     validate could not be found on the PATH so the plan can not be validated.

","['(pick ball1 rooma right)', '(move rooma roomb)', '(drop ball1 roomb right)', '(move roomb rooma)', '(pick ball3 rooma right)']",,,,
PP-ASTAR-ADD,gripper,GR-4,22,astar,hadd,False,,60.0164,,TIMEOUT,[],,,,
PP-ASTAR-FF,gripper,GR-4,22,astar,hff,False,,60.0275,,TIMEOUT,[],,,,
PP-GBF-FF,gripper,GR-4,22,gbf,hff,True,85.0,1.4244,566.0,"2026-02-13 16:46:40,196 INFO     using search: greedy_best_first_search
2026-02-13 16:46:40,196 INFO     using heuristic: hFFHeuristic
2026-02-13 16:46:40,196 INFO     Parsing Domain /var/folders/jg/8lj0__cx69s42_74bth8bf5m0000gn/T/pp_PP-GBF-FF_GR-4_il93wh03/domain.pddl
2026-02-13 16:46:40,197 INFO     Parsing Problem /var/folders/jg/8lj0__cx69s42_74bth8bf5m0000gn/T/pp_PP-GBF-FF_GR-4_il93wh03/problem.pddl
2026-02-13 16:46:40,197 INFO     7 Predicates parsed
2026-02-13 16:46:40,197 INFO     3 Actions parsed
2026-02-13 16:46:40,197 INFO     26 Objects parsed
2026-02-13 16:46:40,197 INFO     0 Constants parsed
2026-02-13 16:46:40,197 INFO     Grounding start: strips-gripper-x-10
2026-02-13 16:46:40,200 INFO     Relevance analysis removed 0 facts
2026-02-13 16:46:40,200 INFO     Grounding end: strips-gripper-x-10
2026-02-13 16:46:40,200 INFO     92 Variables created
2026-02-13 16:46:40,200 INFO     178 Operators created
2026-02-13 16:46:40,200 INFO     Search start: strips-gripper-x-10
2026-02-13 16:46:40,200 INFO     Initial h value: 45.000000
2026-02-13 16:46:41,569 INFO     Goal reached. Start extraction of solution.
2026-02-13 16:46:41,569 INFO     566 Nodes expanded
2026-02-13 16:46:41,570 INFO     Search end: strips-gripper-x-10
2026-02-13 16:46:41,570 INFO     Search time: 1.2
2026-02-13 16:46:41,570 INFO     Plan length: 85
2026-02-13 16:46:41,575 INFO     validate could not be found on the PATH so the plan can not be validated.

","['(pick ball10 rooma left)', '(move rooma roomb)', '(drop ball10 roomb left)', '(move roomb rooma)', '(pick ball12 rooma left)']",,,,
PP-ASTAR-ADD,gripper,GR-5,30,astar,hadd,False,,60.0152,,TIMEOUT,[],,,,
PP-ASTAR-FF,gripper,GR-5,30,astar,hff,False,,60.0129,,TIMEOUT,[],,,,
PP-GBF-FF,gripper,GR-5,30,gbf,hff,True,117.0,4.7495,1014.0,"2026-02-13 16:46:41,622 INFO     using search: greedy_best_first_search
2026-02-13 16:46:41,622 INFO     using heuristic: hFFHeuristic
2026-02-13 16:46:41,622 INFO     Parsing Domain /var/folders/jg/8lj0__cx69s42_74bth8bf5m0000gn/T/pp_PP-GBF-FF_GR-5_3ou0ger9/domain.pddl
2026-02-13 16:46:41,622 INFO     Parsing Problem /var/folders/jg/8lj0__cx69s42_74bth8bf5m0000gn/T/pp_PP-GBF-FF_GR-5_3ou0ger9/problem.pddl
2026-02-13 16:46:41,623 INFO     7 Predicates parsed
2026-02-13 16:46:41,623 INFO     3 Actions parsed
2026-02-13 16:46:41,623 INFO     34 Objects parsed
2026-02-13 16:46:41,623 INFO     0 Constants parsed
2026-02-13 16:46:41,623 INFO     Grounding start: strips-gripper-x-14
2026-02-13 16:46:41,627 INFO     Relevance analysis removed 0 facts
2026-02-13 16:46:41,627 INFO     Grounding end: strips-gripper-x-14
2026-02-13 16:46:41,627 INFO     124 Variables created
2026-02-13 16:46:41,627 INFO     242 Operators created
2026-02-13 16:46:41,627 INFO     Search start: strips-gripper-x-14
2026-02-13 16:46:41,627 INFO     Initial h value: 61.000000
2026-02-13 16:46:46,249 INFO     Goal reached. Start extraction of solution.
2026-02-13 16:46:46,249 INFO     1014 Nodes expanded
2026-02-13 16:46:46,252 INFO     Search end: strips-gripper-x-14
2026-02-13 16:46:46,252 INFO     Search time: 4.3
2026-02-13 16:46:46,252 INFO     Plan length: 117
2026-02-13 16:46:46,322 INFO     validate could not be found on the PATH so the plan can not be validated.

","['(pick ball1 rooma left)', '(move rooma roomb)', '(drop ball1 roomb left)', '(move roomb rooma)', '(pick ball19 rooma left)']",,,,
FD-ASTAR-LM,blocksworld,BW-1,5,,,True,12.0,3.3243,21.0,"INFO     planner time limit: None
INFO     planner memory limit: None

INFO     Running translator.
INFO     translator stdin: None
INFO     translator time limit: None
INFO     translator memory limit: None
INFO     translator command line string: /usr/bin/python3 /workspace/downward/builds/release/bin/translate/translate.py /data/blocksworld/domain.pddl /data/blocksworld/instances/instance-4.pddl --sas-file output.sas
Parsing...
Parsing: [0.000s CPU, 0.012s wall-clock]
Normalizing task... [0.000s CPU, 0.000s wall-clock]
Instantiating...
Generating Datalog program... [0.000s CPU, 0.003s wall-clock]
Normalizing Datalog program...
Normalizing Datalog program: [0.000s CPU, 0.010s wall-clock]
Preparing model... [0.000s CPU, 0.000s wall-clock]
Generated 21 rules.
Computing model... [0.000s CPU, 0.001s wall-clock]
117 relevant atoms
75 auxiliary atoms
192 final queue length
304 total queue pushes
Completing instantiation... [0.000s CPU, 0.002s wall-clock]
Instantiating: [0.000s CPU, 0.017s wall-clock]
Computing fact groups...
Finding invariants...
10 initial candidates
Finding invariants: [0.010s CPU, 0.003s wall-clock]
Checking invariant weight... [0.000s CPU, 0.000s wall-clock]
Instantiating groups... [0.000s CPU, 0.000s wall-clock]
Collecting mutex groups... [0.000s CPU, 0.000s wall-clock]
Choosing groups...
6 uncovered facts
Choosing groups: [0.000s CPU, 0.000s wall-clock]
Building translation key... [0.000s CPU, 0.000s wall-clock]
Computing fact groups: [0.010s CPU, 0.004s wall-clock]
Building STRIPS to SAS dictionary... [0.000s CPU, 0.000s wall-clock]
Building dictionary for full mutex groups... [0.000s CPU, 0.000s wall-clock]
Building mutex information...
Building mutex information: [0.000s CPU, 0.000s wall-clock]
Translating task...
Processing axioms...
Simplifying axioms... [0.000s CPU, 0.000s wall-clock]
Translator axioms removed by simplifying: 0
Processing axioms: [0.000s CPU, 0.000s wall-clock]
Translating task: [0.000s CPU, 0.004s wall-clock]
70 effect cond",,12.0,0.008963,0.094085,52.0
FD-GBFS-FF,blocksworld,BW-1,5,,,True,12.0,3.4753,17.0,"INFO     planner time limit: None
INFO     planner memory limit: None

INFO     Running translator.
INFO     translator stdin: None
INFO     translator time limit: None
INFO     translator memory limit: None
INFO     translator command line string: /usr/bin/python3 /workspace/downward/builds/release/bin/translate/translate.py /data/blocksworld/domain.pddl /data/blocksworld/instances/instance-4.pddl --sas-file output.sas
Parsing...
Parsing: [0.000s CPU, 0.013s wall-clock]
Normalizing task... [0.000s CPU, 0.000s wall-clock]
Instantiating...
Generating Datalog program... [0.000s CPU, 0.000s wall-clock]
Normalizing Datalog program...
Normalizing Datalog program: [0.000s CPU, 0.004s wall-clock]
Preparing model... [0.000s CPU, 0.000s wall-clock]
Generated 21 rules.
Computing model... [0.000s CPU, 0.002s wall-clock]
117 relevant atoms
75 auxiliary atoms
192 final queue length
304 total queue pushes
Completing instantiation... [0.000s CPU, 0.004s wall-clock]
Instantiating: [0.000s CPU, 0.010s wall-clock]
Computing fact groups...
Finding invariants...
10 initial candidates
Finding invariants: [0.010s CPU, 0.004s wall-clock]
Checking invariant weight... [0.000s CPU, 0.001s wall-clock]
Instantiating groups... [0.000s CPU, 0.000s wall-clock]
Collecting mutex groups... [0.000s CPU, 0.000s wall-clock]
Choosing groups...
6 uncovered facts
Choosing groups: [0.000s CPU, 0.000s wall-clock]
Building translation key... [0.000s CPU, 0.000s wall-clock]
Computing fact groups: [0.010s CPU, 0.009s wall-clock]
Building STRIPS to SAS dictionary... [0.000s CPU, 0.000s wall-clock]
Building dictionary for full mutex groups... [0.000s CPU, 0.000s wall-clock]
Building mutex information...
Building mutex information: [0.000s CPU, 0.000s wall-clock]
Translating task...
Processing axioms...
Simplifying axioms... [0.000s CPU, 0.000s wall-clock]
Translator axioms removed by simplifying: 0
Processing axioms: [0.000s CPU, 0.000s wall-clock]
Translating task: [0.000s CPU, 0.002s wall-clock]
70 effect cond",,12.0,0.005504,0.084411,43.0
FD-LAMA,blocksworld,BW-1,5,,,True,12.0,2.7474,16.0,"INFO     planner time limit: None
INFO     planner memory limit: None

INFO     Running translator.
INFO     translator stdin: None
INFO     translator time limit: None
INFO     translator memory limit: None
INFO     translator command line string: /usr/bin/python3 /workspace/downward/builds/release/bin/translate/translate.py /data/blocksworld/domain.pddl /data/blocksworld/instances/instance-4.pddl --sas-file output.sas
Parsing...
Parsing: [0.000s CPU, 0.010s wall-clock]
Normalizing task... [0.000s CPU, 0.000s wall-clock]
Instantiating...
Generating Datalog program... [0.000s CPU, 0.000s wall-clock]
Normalizing Datalog program...
Normalizing Datalog program: [0.000s CPU, 0.011s wall-clock]
Preparing model... [0.000s CPU, 0.000s wall-clock]
Generated 21 rules.
Computing model... [0.000s CPU, 0.001s wall-clock]
117 relevant atoms
75 auxiliary atoms
192 final queue length
304 total queue pushes
Completing instantiation... [0.000s CPU, 0.001s wall-clock]
Instantiating: [0.000s CPU, 0.013s wall-clock]
Computing fact groups...
Finding invariants...
10 initial candidates
Finding invariants: [0.000s CPU, 0.002s wall-clock]
Checking invariant weight... [0.000s CPU, 0.000s wall-clock]
Instantiating groups... [0.000s CPU, 0.000s wall-clock]
Collecting mutex groups... [0.000s CPU, 0.000s wall-clock]
Choosing groups...
6 uncovered facts
Choosing groups: [0.010s CPU, 0.002s wall-clock]
Building translation key... [0.000s CPU, 0.000s wall-clock]
Computing fact groups: [0.010s CPU, 0.005s wall-clock]
Building STRIPS to SAS dictionary... [0.000s CPU, 0.000s wall-clock]
Building dictionary for full mutex groups... [0.000s CPU, 0.000s wall-clock]
Building mutex information...
Building mutex information: [0.000s CPU, 0.000s wall-clock]
Translating task...
Processing axioms...
Simplifying axioms... [0.000s CPU, 0.000s wall-clock]
Translator axioms removed by simplifying: 0
Processing axioms: [0.000s CPU, 0.000s wall-clock]
Translating task: [0.000s CPU, 0.002s wall-clock]
70 effect cond",,12.0,0.005642,0.082793,44.0
FD-ASTAR-LM,blocksworld,BW-2,7,,,True,20.0,2.9623,71.0,"INFO     planner time limit: None
INFO     planner memory limit: None

INFO     Running translator.
INFO     translator stdin: None
INFO     translator time limit: None
INFO     translator memory limit: None
INFO     translator command line string: /usr/bin/python3 /workspace/downward/builds/release/bin/translate/translate.py /data/blocksworld/domain.pddl /data/blocksworld/instances/instance-10.pddl --sas-file output.sas
Parsing...
Parsing: [0.010s CPU, 0.050s wall-clock]
Normalizing task... [0.000s CPU, 0.000s wall-clock]
Instantiating...
Generating Datalog program... [0.000s CPU, 0.001s wall-clock]
Normalizing Datalog program...
Normalizing Datalog program: [0.010s CPU, 0.015s wall-clock]
Preparing model... [0.000s CPU, 0.001s wall-clock]
Generated 21 rules.
Computing model... [0.000s CPU, 0.003s wall-clock]
205 relevant atoms
133 auxiliary atoms
338 final queue length
549 total queue pushes
Completing instantiation... [0.000s CPU, 0.016s wall-clock]
Instantiating: [0.010s CPU, 0.037s wall-clock]
Computing fact groups...
Finding invariants...
10 initial candidates
Finding invariants: [0.000s CPU, 0.010s wall-clock]
Checking invariant weight... [0.010s CPU, 0.001s wall-clock]
Instantiating groups... [0.000s CPU, 0.000s wall-clock]
Collecting mutex groups... [0.000s CPU, 0.000s wall-clock]
Choosing groups...
8 uncovered facts
Choosing groups: [0.000s CPU, 0.000s wall-clock]
Building translation key... [0.000s CPU, 0.000s wall-clock]
Computing fact groups: [0.010s CPU, 0.014s wall-clock]
Building STRIPS to SAS dictionary... [0.000s CPU, 0.000s wall-clock]
Building dictionary for full mutex groups... [0.000s CPU, 0.000s wall-clock]
Building mutex information...
Building mutex information: [0.000s CPU, 0.000s wall-clock]
Translating task...
Processing axioms...
Simplifying axioms... [0.000s CPU, 0.000s wall-clock]
Translator axioms removed by simplifying: 0
Processing axioms: [0.000s CPU, 0.001s wall-clock]
Translating task: [0.000s CPU, 0.005s wall-clock]
140 effect c",,20.0,0.026267,0.114314,254.0
FD-GBFS-FF,blocksworld,BW-2,7,,,True,50.0,3.4001,126.0,"INFO     planner time limit: None
INFO     planner memory limit: None

INFO     Running translator.
INFO     translator stdin: None
INFO     translator time limit: None
INFO     translator memory limit: None
INFO     translator command line string: /usr/bin/python3 /workspace/downward/builds/release/bin/translate/translate.py /data/blocksworld/domain.pddl /data/blocksworld/instances/instance-10.pddl --sas-file output.sas
Parsing...
Parsing: [0.000s CPU, 0.017s wall-clock]
Normalizing task... [0.000s CPU, 0.000s wall-clock]
Instantiating...
Generating Datalog program... [0.000s CPU, 0.000s wall-clock]
Normalizing Datalog program...
Normalizing Datalog program: [0.000s CPU, 0.005s wall-clock]
Preparing model... [0.000s CPU, 0.000s wall-clock]
Generated 21 rules.
Computing model... [0.010s CPU, 0.006s wall-clock]
205 relevant atoms
133 auxiliary atoms
338 final queue length
549 total queue pushes
Completing instantiation... [0.000s CPU, 0.003s wall-clock]
Instantiating: [0.010s CPU, 0.016s wall-clock]
Computing fact groups...
Finding invariants...
10 initial candidates
Finding invariants: [0.000s CPU, 0.007s wall-clock]
Checking invariant weight... [0.000s CPU, 0.000s wall-clock]
Instantiating groups... [0.000s CPU, 0.000s wall-clock]
Collecting mutex groups... [0.000s CPU, 0.000s wall-clock]
Choosing groups...
8 uncovered facts
Choosing groups: [0.000s CPU, 0.000s wall-clock]
Building translation key... [0.000s CPU, 0.000s wall-clock]
Computing fact groups: [0.000s CPU, 0.008s wall-clock]
Building STRIPS to SAS dictionary... [0.000s CPU, 0.000s wall-clock]
Building dictionary for full mutex groups... [0.000s CPU, 0.000s wall-clock]
Building mutex information...
Building mutex information: [0.000s CPU, 0.000s wall-clock]
Translating task...
Processing axioms...
Simplifying axioms... [0.000s CPU, 0.000s wall-clock]
Translator axioms removed by simplifying: 0
Processing axioms: [0.010s CPU, 0.001s wall-clock]
Translating task: [0.020s CPU, 0.009s wall-clock]
140 effect c",,50.0,0.023801,0.158707,356.0
FD-LAMA,blocksworld,BW-2,7,,,True,22.0,3.5013,29.0,"INFO     planner time limit: None
INFO     planner memory limit: None

INFO     Running translator.
INFO     translator stdin: None
INFO     translator time limit: None
INFO     translator memory limit: None
INFO     translator command line string: /usr/bin/python3 /workspace/downward/builds/release/bin/translate/translate.py /data/blocksworld/domain.pddl /data/blocksworld/instances/instance-10.pddl --sas-file output.sas
Parsing...
Parsing: [0.010s CPU, 0.017s wall-clock]
Normalizing task... [0.000s CPU, 0.000s wall-clock]
Instantiating...
Generating Datalog program... [0.000s CPU, 0.000s wall-clock]
Normalizing Datalog program...
Normalizing Datalog program: [0.010s CPU, 0.008s wall-clock]
Preparing model... [0.000s CPU, 0.000s wall-clock]
Generated 21 rules.
Computing model... [0.000s CPU, 0.002s wall-clock]
205 relevant atoms
133 auxiliary atoms
338 final queue length
549 total queue pushes
Completing instantiation... [0.000s CPU, 0.006s wall-clock]
Instantiating: [0.010s CPU, 0.016s wall-clock]
Computing fact groups...
Finding invariants...
10 initial candidates
Finding invariants: [0.000s CPU, 0.014s wall-clock]
Checking invariant weight... [0.000s CPU, 0.000s wall-clock]
Instantiating groups... [0.000s CPU, 0.000s wall-clock]
Collecting mutex groups... [0.000s CPU, 0.000s wall-clock]
Choosing groups...
8 uncovered facts
Choosing groups: [0.000s CPU, 0.000s wall-clock]
Building translation key... [0.000s CPU, 0.000s wall-clock]
Computing fact groups: [0.000s CPU, 0.016s wall-clock]
Building STRIPS to SAS dictionary... [0.000s CPU, 0.006s wall-clock]
Building dictionary for full mutex groups... [0.000s CPU, 0.001s wall-clock]
Building mutex information...
Building mutex information: [0.000s CPU, 0.000s wall-clock]
Translating task...
Processing axioms...
Simplifying axioms... [0.000s CPU, 0.000s wall-clock]
Translator axioms removed by simplifying: 0
Processing axioms: [0.000s CPU, 0.002s wall-clock]
Translating task: [0.010s CPU, 0.017s wall-clock]
140 effect c",,22.0,0.008566,0.162996,102.0
FD-ASTAR-LM,blocksworld,BW-3,9,,,True,28.0,4.1544,376.0,"INFO     planner time limit: None
INFO     planner memory limit: None

INFO     Running translator.
INFO     translator stdin: None
INFO     translator time limit: None
INFO     translator memory limit: None
INFO     translator command line string: /usr/bin/python3 /workspace/downward/builds/release/bin/translate/translate.py /data/blocksworld/domain.pddl /data/blocksworld/instances/instance-17.pddl --sas-file output.sas
Parsing...
Parsing: [0.010s CPU, 0.019s wall-clock]
Normalizing task... [0.000s CPU, 0.000s wall-clock]
Instantiating...
Generating Datalog program... [0.000s CPU, 0.000s wall-clock]
Normalizing Datalog program...
Normalizing Datalog program: [0.000s CPU, 0.004s wall-clock]
Preparing model... [0.000s CPU, 0.001s wall-clock]
Generated 21 rules.
Computing model... [0.000s CPU, 0.005s wall-clock]
317 relevant atoms
207 auxiliary atoms
524 final queue length
867 total queue pushes
Completing instantiation... [0.010s CPU, 0.003s wall-clock]
Instantiating: [0.010s CPU, 0.013s wall-clock]
Computing fact groups...
Finding invariants...
10 initial candidates
Finding invariants: [0.000s CPU, 0.003s wall-clock]
Checking invariant weight... [0.000s CPU, 0.000s wall-clock]
Instantiating groups... [0.000s CPU, 0.002s wall-clock]
Collecting mutex groups... [0.000s CPU, 0.000s wall-clock]
Choosing groups...
10 uncovered facts
Choosing groups: [0.000s CPU, 0.000s wall-clock]
Building translation key... [0.000s CPU, 0.000s wall-clock]
Computing fact groups: [0.000s CPU, 0.007s wall-clock]
Building STRIPS to SAS dictionary... [0.000s CPU, 0.000s wall-clock]
Building dictionary for full mutex groups... [0.000s CPU, 0.000s wall-clock]
Building mutex information...
Building mutex information: [0.000s CPU, 0.000s wall-clock]
Translating task...
Processing axioms...
Simplifying axioms... [0.000s CPU, 0.000s wall-clock]
Translator axioms removed by simplifying: 0
Processing axioms: [0.010s CPU, 0.002s wall-clock]
Translating task: [0.020s CPU, 0.022s wall-clock]
234 effect ",,28.0,0.053792,0.169866,1413.0
FD-GBFS-FF,blocksworld,BW-3,9,,,True,68.0,3.6653,719.0,"INFO     planner time limit: None
INFO     planner memory limit: None

INFO     Running translator.
INFO     translator stdin: None
INFO     translator time limit: None
INFO     translator memory limit: None
INFO     translator command line string: /usr/bin/python3 /workspace/downward/builds/release/bin/translate/translate.py /data/blocksworld/domain.pddl /data/blocksworld/instances/instance-17.pddl --sas-file output.sas
Parsing...
Parsing: [0.010s CPU, 0.099s wall-clock]
Normalizing task... [0.000s CPU, 0.000s wall-clock]
Instantiating...
Generating Datalog program... [0.000s CPU, 0.000s wall-clock]
Normalizing Datalog program...
Normalizing Datalog program: [0.010s CPU, 0.005s wall-clock]
Preparing model... [0.000s CPU, 0.000s wall-clock]
Generated 21 rules.
Computing model... [0.000s CPU, 0.003s wall-clock]
317 relevant atoms
207 auxiliary atoms
524 final queue length
867 total queue pushes
Completing instantiation... [0.000s CPU, 0.003s wall-clock]
Instantiating: [0.010s CPU, 0.011s wall-clock]
Computing fact groups...
Finding invariants...
10 initial candidates
Finding invariants: [0.020s CPU, 0.007s wall-clock]
Checking invariant weight... [0.000s CPU, 0.000s wall-clock]
Instantiating groups... [0.000s CPU, 0.000s wall-clock]
Collecting mutex groups... [0.000s CPU, 0.000s wall-clock]
Choosing groups...
10 uncovered facts
Choosing groups: [0.000s CPU, 0.000s wall-clock]
Building translation key... [0.000s CPU, 0.000s wall-clock]
Computing fact groups: [0.020s CPU, 0.009s wall-clock]
Building STRIPS to SAS dictionary... [0.000s CPU, 0.000s wall-clock]
Building dictionary for full mutex groups... [0.000s CPU, 0.000s wall-clock]
Building mutex information...
Building mutex information: [0.000s CPU, 0.000s wall-clock]
Translating task...
Processing axioms...
Simplifying axioms... [0.000s CPU, 0.000s wall-clock]
Translator axioms removed by simplifying: 0
Processing axioms: [0.000s CPU, 0.000s wall-clock]
Translating task: [0.010s CPU, 0.007s wall-clock]
234 effect ",,68.0,0.016478,0.09505,2282.0
FD-LAMA,blocksworld,BW-3,9,,,True,40.0,4.4191,79.0,"INFO     planner time limit: None
INFO     planner memory limit: None

INFO     Running translator.
INFO     translator stdin: None
INFO     translator time limit: None
INFO     translator memory limit: None
INFO     translator command line string: /usr/bin/python3 /workspace/downward/builds/release/bin/translate/translate.py /data/blocksworld/domain.pddl /data/blocksworld/instances/instance-17.pddl --sas-file output.sas
Parsing...
Parsing: [0.010s CPU, 0.038s wall-clock]
Normalizing task... [0.000s CPU, 0.000s wall-clock]
Instantiating...
Generating Datalog program... [0.000s CPU, 0.001s wall-clock]
Normalizing Datalog program...
Normalizing Datalog program: [0.010s CPU, 0.009s wall-clock]
Preparing model... [0.000s CPU, 0.001s wall-clock]
Generated 21 rules.
Computing model... [0.000s CPU, 0.040s wall-clock]
317 relevant atoms
207 auxiliary atoms
524 final queue length
867 total queue pushes
Completing instantiation... [0.010s CPU, 0.003s wall-clock]
Instantiating: [0.020s CPU, 0.085s wall-clock]
Computing fact groups...
Finding invariants...
10 initial candidates
Finding invariants: [0.000s CPU, 0.002s wall-clock]
Checking invariant weight... [0.000s CPU, 0.000s wall-clock]
Instantiating groups... [0.000s CPU, 0.000s wall-clock]
Collecting mutex groups... [0.000s CPU, 0.000s wall-clock]
Choosing groups...
10 uncovered facts
Choosing groups: [0.000s CPU, 0.000s wall-clock]
Building translation key... [0.000s CPU, 0.000s wall-clock]
Computing fact groups: [0.000s CPU, 0.004s wall-clock]
Building STRIPS to SAS dictionary... [0.000s CPU, 0.000s wall-clock]
Building dictionary for full mutex groups... [0.000s CPU, 0.000s wall-clock]
Building mutex information...
Building mutex information: [0.000s CPU, 0.000s wall-clock]
Translating task...
Processing axioms...
Simplifying axioms... [0.000s CPU, 0.000s wall-clock]
Translator axioms removed by simplifying: 0
Processing axioms: [0.000s CPU, 0.000s wall-clock]
Translating task: [0.020s CPU, 0.078s wall-clock]
234 effect ",,40.0,0.005644,0.115369,321.0
FD-ASTAR-LM,blocksworld,BW-4,12,,,True,34.0,30.3366,61800.0,"INFO     planner time limit: None
INFO     planner memory limit: None

INFO     Running translator.
INFO     translator stdin: None
INFO     translator time limit: None
INFO     translator memory limit: None
INFO     translator command line string: /usr/bin/python3 /workspace/downward/builds/release/bin/translate/translate.py /data/blocksworld/domain.pddl /data/blocksworld/instances/instance-25.pddl --sas-file output.sas
Parsing...
Parsing: [0.000s CPU, 0.017s wall-clock]
Normalizing task... [0.000s CPU, 0.000s wall-clock]
Instantiating...
Generating Datalog program... [0.000s CPU, 0.000s wall-clock]
Normalizing Datalog program...
Normalizing Datalog program: [0.010s CPU, 0.006s wall-clock]
Preparing model... [0.000s CPU, 0.001s wall-clock]
Generated 21 rules.
Computing model... [0.000s CPU, 0.012s wall-clock]
530 relevant atoms
348 auxiliary atoms
878 final queue length
1481 total queue pushes
Completing instantiation... [0.010s CPU, 0.037s wall-clock]
Instantiating: [0.020s CPU, 0.057s wall-clock]
Computing fact groups...
Finding invariants...
10 initial candidates
Finding invariants: [0.000s CPU, 0.030s wall-clock]
Checking invariant weight... [0.000s CPU, 0.000s wall-clock]
Instantiating groups... [0.000s CPU, 0.000s wall-clock]
Collecting mutex groups... [0.000s CPU, 0.001s wall-clock]
Choosing groups...
13 uncovered facts
Choosing groups: [0.000s CPU, 0.000s wall-clock]
Building translation key... [0.000s CPU, 0.000s wall-clock]
Computing fact groups: [0.000s CPU, 0.033s wall-clock]
Building STRIPS to SAS dictionary... [0.000s CPU, 0.000s wall-clock]
Building dictionary for full mutex groups... [0.000s CPU, 0.000s wall-clock]
Building mutex information...
Building mutex information: [0.000s CPU, 0.000s wall-clock]
Translating task...
Processing axioms...
Simplifying axioms... [0.000s CPU, 0.000s wall-clock]
Translator axioms removed by simplifying: 0
Processing axioms: [0.000s CPU, 0.000s wall-clock]
Translating task: [0.000s CPU, 0.019s wall-clock]
420 effect",,34.0,15.107253,15.196438,307306.0
FD-GBFS-FF,blocksworld,BW-4,12,,,True,102.0,4.9825,2627.0,"INFO     planner time limit: None
INFO     planner memory limit: None

INFO     Running translator.
INFO     translator stdin: None
INFO     translator time limit: None
INFO     translator memory limit: None
INFO     translator command line string: /usr/bin/python3 /workspace/downward/builds/release/bin/translate/translate.py /data/blocksworld/domain.pddl /data/blocksworld/instances/instance-25.pddl --sas-file output.sas
Parsing...
Parsing: [0.010s CPU, 0.043s wall-clock]
Normalizing task... [0.000s CPU, 0.000s wall-clock]
Instantiating...
Generating Datalog program... [0.000s CPU, 0.000s wall-clock]
Normalizing Datalog program...
Normalizing Datalog program: [0.010s CPU, 0.006s wall-clock]
Preparing model... [0.000s CPU, 0.001s wall-clock]
Generated 21 rules.
Computing model... [0.010s CPU, 0.010s wall-clock]
530 relevant atoms
348 auxiliary atoms
878 final queue length
1481 total queue pushes
Completing instantiation... [0.010s CPU, 0.022s wall-clock]
Instantiating: [0.030s CPU, 0.039s wall-clock]
Computing fact groups...
Finding invariants...
10 initial candidates
Finding invariants: [0.000s CPU, 0.010s wall-clock]
Checking invariant weight... [0.000s CPU, 0.000s wall-clock]
Instantiating groups... [0.000s CPU, 0.000s wall-clock]
Collecting mutex groups... [0.010s CPU, 0.000s wall-clock]
Choosing groups...
13 uncovered facts
Choosing groups: [0.000s CPU, 0.000s wall-clock]
Building translation key... [0.000s CPU, 0.000s wall-clock]
Computing fact groups: [0.010s CPU, 0.014s wall-clock]
Building STRIPS to SAS dictionary... [0.000s CPU, 0.000s wall-clock]
Building dictionary for full mutex groups... [0.000s CPU, 0.000s wall-clock]
Building mutex information...
Building mutex information: [0.000s CPU, 0.000s wall-clock]
Translating task...
Processing axioms...
Simplifying axioms... [0.000s CPU, 0.000s wall-clock]
Translator axioms removed by simplifying: 0
Processing axioms: [0.000s CPU, 0.001s wall-clock]
Translating task: [0.010s CPU, 0.030s wall-clock]
420 effect",,102.0,0.067214,0.157388,9653.0
FD-LAMA,blocksworld,BW-4,12,,,True,94.0,3.8994,230.0,"INFO     planner time limit: None
INFO     planner memory limit: None

INFO     Running translator.
INFO     translator stdin: None
INFO     translator time limit: None
INFO     translator memory limit: None
INFO     translator command line string: /usr/bin/python3 /workspace/downward/builds/release/bin/translate/translate.py /data/blocksworld/domain.pddl /data/blocksworld/instances/instance-25.pddl --sas-file output.sas
Parsing...
Parsing: [0.010s CPU, 0.023s wall-clock]
Normalizing task... [0.000s CPU, 0.001s wall-clock]
Instantiating...
Generating Datalog program... [0.000s CPU, 0.001s wall-clock]
Normalizing Datalog program...
Normalizing Datalog program: [0.010s CPU, 0.006s wall-clock]
Preparing model... [0.000s CPU, 0.001s wall-clock]
Generated 21 rules.
Computing model... [0.000s CPU, 0.036s wall-clock]
530 relevant atoms
348 auxiliary atoms
878 final queue length
1481 total queue pushes
Completing instantiation... [0.010s CPU, 0.007s wall-clock]
Instantiating: [0.020s CPU, 0.051s wall-clock]
Computing fact groups...
Finding invariants...
10 initial candidates
Finding invariants: [0.010s CPU, 0.005s wall-clock]
Checking invariant weight... [0.010s CPU, 0.000s wall-clock]
Instantiating groups... [0.000s CPU, 0.001s wall-clock]
Collecting mutex groups... [0.000s CPU, 0.001s wall-clock]
Choosing groups...
13 uncovered facts
Choosing groups: [0.000s CPU, 0.001s wall-clock]
Building translation key... [0.000s CPU, 0.001s wall-clock]
Computing fact groups: [0.020s CPU, 0.010s wall-clock]
Building STRIPS to SAS dictionary... [0.000s CPU, 0.000s wall-clock]
Building dictionary for full mutex groups... [0.000s CPU, 0.000s wall-clock]
Building mutex information...
Building mutex information: [0.000s CPU, 0.000s wall-clock]
Translating task...
Processing axioms...
Simplifying axioms... [0.000s CPU, 0.000s wall-clock]
Translator axioms removed by simplifying: 0
Processing axioms: [0.000s CPU, 0.001s wall-clock]
Translating task: [0.010s CPU, 0.039s wall-clock]
420 effect",,94.0,0.009241,0.13736,1170.0
FD-ASTAR-LM,blocksworld,BW-5,17,,,False,,120.026,,TIMEOUT,,,,,
FD-GBFS-FF,blocksworld,BW-5,17,,,True,220.0,11.8935,91911.0,"INFO     planner time limit: None
INFO     planner memory limit: None

INFO     Running translator.
INFO     translator stdin: None
INFO     translator time limit: None
INFO     translator memory limit: None
INFO     translator command line string: /usr/bin/python3 /workspace/downward/builds/release/bin/translate/translate.py /data/blocksworld/domain.pddl /data/blocksworld/instances/instance-35.pddl --sas-file output.sas
Parsing...
Parsing: [0.010s CPU, 0.039s wall-clock]
Normalizing task... [0.000s CPU, 0.000s wall-clock]
Instantiating...
Generating Datalog program... [0.000s CPU, 0.000s wall-clock]
Normalizing Datalog program...
Normalizing Datalog program: [0.000s CPU, 0.004s wall-clock]
Preparing model... [0.000s CPU, 0.001s wall-clock]
Generated 21 rules.
Computing model... [0.020s CPU, 0.030s wall-clock]
1005 relevant atoms
663 auxiliary atoms
1668 final queue length
2863 total queue pushes
Completing instantiation... [0.020s CPU, 0.028s wall-clock]
Instantiating: [0.050s CPU, 0.083s wall-clock]
Computing fact groups...
Finding invariants...
10 initial candidates
Finding invariants: [0.010s CPU, 0.007s wall-clock]
Checking invariant weight... [0.000s CPU, 0.001s wall-clock]
Instantiating groups... [0.000s CPU, 0.002s wall-clock]
Collecting mutex groups... [0.000s CPU, 0.001s wall-clock]
Choosing groups...
18 uncovered facts
Choosing groups: [0.000s CPU, 0.003s wall-clock]
Building translation key... [0.000s CPU, 0.001s wall-clock]
Computing fact groups: [0.020s CPU, 0.019s wall-clock]
Building STRIPS to SAS dictionary... [0.000s CPU, 0.001s wall-clock]
Building dictionary for full mutex groups... [0.000s CPU, 0.001s wall-clock]
Building mutex information...
Building mutex information: [0.000s CPU, 0.001s wall-clock]
Translating task...
Processing axioms...
Simplifying axioms... [0.000s CPU, 0.000s wall-clock]
Translator axioms removed by simplifying: 0
Processing axioms: [0.000s CPU, 0.002s wall-clock]
Translating task: [0.040s CPU, 0.047s wall-clock]
850 effe",,220.0,4.005378,4.149892,333140.0
FD-LAMA,blocksworld,BW-5,17,,,True,136.0,4.2199,587.0,"INFO     planner time limit: None
INFO     planner memory limit: None

INFO     Running translator.
INFO     translator stdin: None
INFO     translator time limit: None
INFO     translator memory limit: None
INFO     translator command line string: /usr/bin/python3 /workspace/downward/builds/release/bin/translate/translate.py /data/blocksworld/domain.pddl /data/blocksworld/instances/instance-35.pddl --sas-file output.sas
Parsing...
Parsing: [0.010s CPU, 0.142s wall-clock]
Normalizing task... [0.000s CPU, 0.000s wall-clock]
Instantiating...
Generating Datalog program... [0.000s CPU, 0.000s wall-clock]
Normalizing Datalog program...
Normalizing Datalog program: [0.050s CPU, 0.233s wall-clock]
Preparing model... [0.000s CPU, 0.001s wall-clock]
Generated 21 rules.
Computing model... [0.000s CPU, 0.028s wall-clock]
1005 relevant atoms
663 auxiliary atoms
1668 final queue length
2863 total queue pushes
Completing instantiation... [0.020s CPU, 0.076s wall-clock]
Instantiating: [0.070s CPU, 0.353s wall-clock]
Computing fact groups...
Finding invariants...
10 initial candidates
Finding invariants: [0.000s CPU, 0.002s wall-clock]
Checking invariant weight... [0.000s CPU, 0.000s wall-clock]
Instantiating groups... [0.000s CPU, 0.001s wall-clock]
Collecting mutex groups... [0.000s CPU, 0.000s wall-clock]
Choosing groups...
18 uncovered facts
Choosing groups: [0.000s CPU, 0.004s wall-clock]
Building translation key... [0.000s CPU, 0.000s wall-clock]
Computing fact groups: [0.000s CPU, 0.012s wall-clock]
Building STRIPS to SAS dictionary... [0.000s CPU, 0.000s wall-clock]
Building dictionary for full mutex groups... [0.000s CPU, 0.000s wall-clock]
Building mutex information...
Building mutex information: [0.000s CPU, 0.000s wall-clock]
Translating task...
Processing axioms...
Simplifying axioms... [0.000s CPU, 0.000s wall-clock]
Translator axioms removed by simplifying: 0
Processing axioms: [0.010s CPU, 0.011s wall-clock]
Translating task: [0.020s CPU, 0.124s wall-clock]
850 effe",,136.0,0.023648,0.159505,3995.0
FD-ASTAR-LM,gripper,GR-1,4,,,True,11.0,2.6122,107.0,"INFO     planner time limit: None
INFO     planner memory limit: None

INFO     Running translator.
INFO     translator stdin: None
INFO     translator time limit: None
INFO     translator memory limit: None
INFO     translator command line string: /usr/bin/python3 /workspace/downward/builds/release/bin/translate/translate.py /data/gripper/domain.pddl /data/gripper/instances/instance-1.pddl --sas-file output.sas
Parsing...
Parsing: [0.010s CPU, 0.030s wall-clock]
Normalizing task... [0.000s CPU, 0.000s wall-clock]
Instantiating...
Generating Datalog program... [0.000s CPU, 0.000s wall-clock]
Normalizing Datalog program...
Normalizing Datalog program: [0.000s CPU, 0.009s wall-clock]
Preparing model... [0.000s CPU, 0.001s wall-clock]
Generated 24 rules.
Computing model... [0.000s CPU, 0.003s wall-clock]
81 relevant atoms
60 auxiliary atoms
141 final queue length
180 total queue pushes
Completing instantiation... [0.010s CPU, 0.003s wall-clock]
Instantiating: [0.010s CPU, 0.019s wall-clock]
Computing fact groups...
Finding invariants...
10 initial candidates
Finding invariants: [0.000s CPU, 0.004s wall-clock]
Checking invariant weight... [0.000s CPU, 0.001s wall-clock]
Instantiating groups... [0.000s CPU, 0.002s wall-clock]
Collecting mutex groups... [0.000s CPU, 0.000s wall-clock]
Choosing groups...
0 uncovered facts
Choosing groups: [0.000s CPU, 0.000s wall-clock]
Building translation key... [0.000s CPU, 0.000s wall-clock]
Computing fact groups: [0.000s CPU, 0.012s wall-clock]
Building STRIPS to SAS dictionary... [0.000s CPU, 0.000s wall-clock]
Building dictionary for full mutex groups... [0.000s CPU, 0.000s wall-clock]
Building mutex information...
Building mutex information: [0.000s CPU, 0.000s wall-clock]
Translating task...
Processing axioms...
Simplifying axioms... [0.000s CPU, 0.000s wall-clock]
Translator axioms removed by simplifying: 0
Processing axioms: [0.000s CPU, 0.000s wall-clock]
Translating task: [0.000s CPU, 0.002s wall-clock]
0 effect conditions sim",,11.0,0.010341,0.087204,366.0
FD-GBFS-FF,gripper,GR-1,4,,,True,13.0,2.1077,26.0,"INFO     planner time limit: None
INFO     planner memory limit: None

INFO     Running translator.
INFO     translator stdin: None
INFO     translator time limit: None
INFO     translator memory limit: None
INFO     translator command line string: /usr/bin/python3 /workspace/downward/builds/release/bin/translate/translate.py /data/gripper/domain.pddl /data/gripper/instances/instance-1.pddl --sas-file output.sas
Parsing...
Parsing: [0.010s CPU, 0.018s wall-clock]
Normalizing task... [0.000s CPU, 0.000s wall-clock]
Instantiating...
Generating Datalog program... [0.000s CPU, 0.000s wall-clock]
Normalizing Datalog program...
Normalizing Datalog program: [0.010s CPU, 0.014s wall-clock]
Preparing model... [0.000s CPU, 0.008s wall-clock]
Generated 24 rules.
Computing model... [0.000s CPU, 0.003s wall-clock]
81 relevant atoms
60 auxiliary atoms
141 final queue length
180 total queue pushes
Completing instantiation... [0.000s CPU, 0.001s wall-clock]
Instantiating: [0.010s CPU, 0.037s wall-clock]
Computing fact groups...
Finding invariants...
10 initial candidates
Finding invariants: [0.000s CPU, 0.002s wall-clock]
Checking invariant weight... [0.000s CPU, 0.000s wall-clock]
Instantiating groups... [0.000s CPU, 0.000s wall-clock]
Collecting mutex groups... [0.000s CPU, 0.000s wall-clock]
Choosing groups...
0 uncovered facts
Choosing groups: [0.000s CPU, 0.000s wall-clock]
Building translation key... [0.000s CPU, 0.000s wall-clock]
Computing fact groups: [0.000s CPU, 0.003s wall-clock]
Building STRIPS to SAS dictionary... [0.000s CPU, 0.000s wall-clock]
Building dictionary for full mutex groups... [0.000s CPU, 0.000s wall-clock]
Building mutex information...
Building mutex information: [0.000s CPU, 0.000s wall-clock]
Translating task...
Processing axioms...
Simplifying axioms... [0.000s CPU, 0.000s wall-clock]
Translator axioms removed by simplifying: 0
Processing axioms: [0.000s CPU, 0.000s wall-clock]
Translating task: [0.000s CPU, 0.001s wall-clock]
0 effect conditions sim",,13.0,0.005666,0.085202,112.0
FD-LAMA,gripper,GR-1,4,,,True,11.0,3.8284,16.0,"INFO     planner time limit: None
INFO     planner memory limit: None

INFO     Running translator.
INFO     translator stdin: None
INFO     translator time limit: None
INFO     translator memory limit: None
INFO     translator command line string: /usr/bin/python3 /workspace/downward/builds/release/bin/translate/translate.py /data/gripper/domain.pddl /data/gripper/instances/instance-1.pddl --sas-file output.sas
Parsing...
Parsing: [0.010s CPU, 0.018s wall-clock]
Normalizing task... [0.000s CPU, 0.001s wall-clock]
Instantiating...
Generating Datalog program... [0.000s CPU, 0.000s wall-clock]
Normalizing Datalog program...
Normalizing Datalog program: [0.000s CPU, 0.004s wall-clock]
Preparing model... [0.000s CPU, 0.001s wall-clock]
Generated 24 rules.
Computing model... [0.000s CPU, 0.001s wall-clock]
81 relevant atoms
60 auxiliary atoms
141 final queue length
180 total queue pushes
Completing instantiation... [0.010s CPU, 0.001s wall-clock]
Instantiating: [0.010s CPU, 0.007s wall-clock]
Computing fact groups...
Finding invariants...
10 initial candidates
Finding invariants: [0.000s CPU, 0.003s wall-clock]
Checking invariant weight... [0.000s CPU, 0.000s wall-clock]
Instantiating groups... [0.000s CPU, 0.001s wall-clock]
Collecting mutex groups... [0.000s CPU, 0.000s wall-clock]
Choosing groups...
0 uncovered facts
Choosing groups: [0.000s CPU, 0.000s wall-clock]
Building translation key... [0.000s CPU, 0.000s wall-clock]
Computing fact groups: [0.000s CPU, 0.006s wall-clock]
Building STRIPS to SAS dictionary... [0.000s CPU, 0.000s wall-clock]
Building dictionary for full mutex groups... [0.000s CPU, 0.000s wall-clock]
Building mutex information...
Building mutex information: [0.000s CPU, 0.000s wall-clock]
Translating task...
Processing axioms...
Simplifying axioms... [0.000s CPU, 0.000s wall-clock]
Translator axioms removed by simplifying: 0
Processing axioms: [0.000s CPU, 0.000s wall-clock]
Translating task: [0.000s CPU, 0.006s wall-clock]
0 effect conditions sim",,11.0,0.006207,0.126129,63.0
FD-ASTAR-LM,gripper,GR-2,10,,,True,29.0,4.457,66176.0,"INFO     planner time limit: None
INFO     planner memory limit: None

INFO     Running translator.
INFO     translator stdin: None
INFO     translator time limit: None
INFO     translator memory limit: None
INFO     translator command line string: /usr/bin/python3 /workspace/downward/builds/release/bin/translate/translate.py /data/gripper/domain.pddl /data/gripper/instances/instance-4.pddl --sas-file output.sas
Parsing...
Parsing: [0.010s CPU, 0.028s wall-clock]
Normalizing task... [0.000s CPU, 0.001s wall-clock]
Instantiating...
Generating Datalog program... [0.000s CPU, 0.000s wall-clock]
Normalizing Datalog program...
Normalizing Datalog program: [0.000s CPU, 0.004s wall-clock]
Preparing model... [0.010s CPU, 0.001s wall-clock]
Generated 24 rules.
Computing model... [0.000s CPU, 0.001s wall-clock]
171 relevant atoms
120 auxiliary atoms
291 final queue length
384 total queue pushes
Completing instantiation... [0.000s CPU, 0.002s wall-clock]
Instantiating: [0.010s CPU, 0.009s wall-clock]
Computing fact groups...
Finding invariants...
10 initial candidates
Finding invariants: [0.000s CPU, 0.004s wall-clock]
Checking invariant weight... [0.000s CPU, 0.000s wall-clock]
Instantiating groups... [0.000s CPU, 0.000s wall-clock]
Collecting mutex groups... [0.000s CPU, 0.000s wall-clock]
Choosing groups...
0 uncovered facts
Choosing groups: [0.000s CPU, 0.000s wall-clock]
Building translation key... [0.000s CPU, 0.000s wall-clock]
Computing fact groups: [0.000s CPU, 0.009s wall-clock]
Building STRIPS to SAS dictionary... [0.000s CPU, 0.000s wall-clock]
Building dictionary for full mutex groups... [0.000s CPU, 0.000s wall-clock]
Building mutex information...
Building mutex information: [0.000s CPU, 0.000s wall-clock]
Translating task...
Processing axioms...
Simplifying axioms... [0.000s CPU, 0.000s wall-clock]
Translator axioms removed by simplifying: 0
Processing axioms: [0.000s CPU, 0.000s wall-clock]
Translating task: [0.010s CPU, 0.003s wall-clock]
0 effect conditions s",,29.0,0.992256,1.090041,284241.0
FD-GBFS-FF,gripper,GR-2,10,,,True,37.0,2.3642,134.0,"INFO     planner time limit: None
INFO     planner memory limit: None

INFO     Running translator.
INFO     translator stdin: None
INFO     translator time limit: None
INFO     translator memory limit: None
INFO     translator command line string: /usr/bin/python3 /workspace/downward/builds/release/bin/translate/translate.py /data/gripper/domain.pddl /data/gripper/instances/instance-4.pddl --sas-file output.sas
Parsing...
Parsing: [0.010s CPU, 0.005s wall-clock]
Normalizing task... [0.000s CPU, 0.000s wall-clock]
Instantiating...
Generating Datalog program... [0.000s CPU, 0.000s wall-clock]
Normalizing Datalog program...
Normalizing Datalog program: [0.010s CPU, 0.015s wall-clock]
Preparing model... [0.000s CPU, 0.001s wall-clock]
Generated 24 rules.
Computing model... [0.000s CPU, 0.004s wall-clock]
171 relevant atoms
120 auxiliary atoms
291 final queue length
384 total queue pushes
Completing instantiation... [0.000s CPU, 0.003s wall-clock]
Instantiating: [0.010s CPU, 0.023s wall-clock]
Computing fact groups...
Finding invariants...
10 initial candidates
Finding invariants: [0.000s CPU, 0.002s wall-clock]
Checking invariant weight... [0.000s CPU, 0.000s wall-clock]
Instantiating groups... [0.000s CPU, 0.000s wall-clock]
Collecting mutex groups... [0.000s CPU, 0.000s wall-clock]
Choosing groups...
0 uncovered facts
Choosing groups: [0.000s CPU, 0.000s wall-clock]
Building translation key... [0.000s CPU, 0.000s wall-clock]
Computing fact groups: [0.000s CPU, 0.002s wall-clock]
Building STRIPS to SAS dictionary... [0.000s CPU, 0.000s wall-clock]
Building dictionary for full mutex groups... [0.000s CPU, 0.000s wall-clock]
Building mutex information...
Building mutex information: [0.000s CPU, 0.000s wall-clock]
Translating task...
Processing axioms...
Simplifying axioms... [0.000s CPU, 0.000s wall-clock]
Translator axioms removed by simplifying: 0
Processing axioms: [0.000s CPU, 0.000s wall-clock]
Translating task: [0.000s CPU, 0.002s wall-clock]
0 effect conditions s",,37.0,0.01784,0.122409,1125.0
FD-LAMA,gripper,GR-2,10,,,True,29.0,2.5172,43.0,"INFO     planner time limit: None
INFO     planner memory limit: None

INFO     Running translator.
INFO     translator stdin: None
INFO     translator time limit: None
INFO     translator memory limit: None
INFO     translator command line string: /usr/bin/python3 /workspace/downward/builds/release/bin/translate/translate.py /data/gripper/domain.pddl /data/gripper/instances/instance-4.pddl --sas-file output.sas
Parsing...
Parsing: [0.000s CPU, 0.018s wall-clock]
Normalizing task... [0.000s CPU, 0.000s wall-clock]
Instantiating...
Generating Datalog program... [0.000s CPU, 0.000s wall-clock]
Normalizing Datalog program...
Normalizing Datalog program: [0.010s CPU, 0.004s wall-clock]
Preparing model... [0.000s CPU, 0.014s wall-clock]
Generated 24 rules.
Computing model... [0.000s CPU, 0.001s wall-clock]
171 relevant atoms
120 auxiliary atoms
291 final queue length
384 total queue pushes
Completing instantiation... [0.000s CPU, 0.002s wall-clock]
Instantiating: [0.010s CPU, 0.022s wall-clock]
Computing fact groups...
Finding invariants...
10 initial candidates
Finding invariants: [0.000s CPU, 0.002s wall-clock]
Checking invariant weight... [0.000s CPU, 0.000s wall-clock]
Instantiating groups... [0.000s CPU, 0.000s wall-clock]
Collecting mutex groups... [0.000s CPU, 0.000s wall-clock]
Choosing groups...
0 uncovered facts
Choosing groups: [0.000s CPU, 0.000s wall-clock]
Building translation key... [0.000s CPU, 0.000s wall-clock]
Computing fact groups: [0.000s CPU, 0.003s wall-clock]
Building STRIPS to SAS dictionary... [0.000s CPU, 0.000s wall-clock]
Building dictionary for full mutex groups... [0.000s CPU, 0.000s wall-clock]
Building mutex information...
Building mutex information: [0.000s CPU, 0.000s wall-clock]
Translating task...
Processing axioms...
Simplifying axioms... [0.000s CPU, 0.000s wall-clock]
Translator axioms removed by simplifying: 0
Processing axioms: [0.000s CPU, 0.000s wall-clock]
Translating task: [0.010s CPU, 0.002s wall-clock]
0 effect conditions s",,29.0,0.007414,0.104977,300.0
FD-ASTAR-LM,gripper,GR-3,16,,,False,,120.016,,TIMEOUT,,,,,
FD-GBFS-FF,gripper,GR-3,16,,,True,61.0,2.2045,314.0,"INFO     planner time limit: None
INFO     planner memory limit: None

INFO     Running translator.
INFO     translator stdin: None
INFO     translator time limit: None
INFO     translator memory limit: None
INFO     translator command line string: /usr/bin/python3 /workspace/downward/builds/release/bin/translate/translate.py /data/gripper/domain.pddl /data/gripper/instances/instance-7.pddl --sas-file output.sas
Parsing...
Parsing: [0.000s CPU, 0.020s wall-clock]
Normalizing task... [0.000s CPU, 0.001s wall-clock]
Instantiating...
Generating Datalog program... [0.000s CPU, 0.000s wall-clock]
Normalizing Datalog program...
Normalizing Datalog program: [0.020s CPU, 0.010s wall-clock]
Preparing model... [0.000s CPU, 0.002s wall-clock]
Generated 24 rules.
Computing model... [0.000s CPU, 0.011s wall-clock]
261 relevant atoms
180 auxiliary atoms
441 final queue length
588 total queue pushes
Completing instantiation... [0.000s CPU, 0.003s wall-clock]
Instantiating: [0.030s CPU, 0.027s wall-clock]
Computing fact groups...
Finding invariants...
10 initial candidates
Finding invariants: [0.000s CPU, 0.002s wall-clock]
Checking invariant weight... [0.000s CPU, 0.000s wall-clock]
Instantiating groups... [0.000s CPU, 0.000s wall-clock]
Collecting mutex groups... [0.000s CPU, 0.000s wall-clock]
Choosing groups...
0 uncovered facts
Choosing groups: [0.000s CPU, 0.000s wall-clock]
Building translation key... [0.000s CPU, 0.000s wall-clock]
Computing fact groups: [0.000s CPU, 0.004s wall-clock]
Building STRIPS to SAS dictionary... [0.000s CPU, 0.000s wall-clock]
Building dictionary for full mutex groups... [0.000s CPU, 0.000s wall-clock]
Building mutex information...
Building mutex information: [0.000s CPU, 0.000s wall-clock]
Translating task...
Processing axioms...
Simplifying axioms... [0.000s CPU, 0.000s wall-clock]
Translator axioms removed by simplifying: 0
Processing axioms: [0.000s CPU, 0.000s wall-clock]
Translating task: [0.000s CPU, 0.054s wall-clock]
0 effect conditions s",,61.0,0.031847,0.13797,3902.0
FD-LAMA,gripper,GR-3,16,,,True,47.0,2.7144,70.0,"INFO     planner time limit: None
INFO     planner memory limit: None

INFO     Running translator.
INFO     translator stdin: None
INFO     translator time limit: None
INFO     translator memory limit: None
INFO     translator command line string: /usr/bin/python3 /workspace/downward/builds/release/bin/translate/translate.py /data/gripper/domain.pddl /data/gripper/instances/instance-7.pddl --sas-file output.sas
Parsing...
Parsing: [0.010s CPU, 0.013s wall-clock]
Normalizing task... [0.000s CPU, 0.001s wall-clock]
Instantiating...
Generating Datalog program... [0.000s CPU, 0.001s wall-clock]
Normalizing Datalog program...
Normalizing Datalog program: [0.010s CPU, 0.029s wall-clock]
Preparing model... [0.010s CPU, 0.024s wall-clock]
Generated 24 rules.
Computing model... [0.000s CPU, 0.009s wall-clock]
261 relevant atoms
180 auxiliary atoms
441 final queue length
588 total queue pushes
Completing instantiation... [0.000s CPU, 0.003s wall-clock]
Instantiating: [0.020s CPU, 0.067s wall-clock]
Computing fact groups...
Finding invariants...
10 initial candidates
Finding invariants: [0.000s CPU, 0.002s wall-clock]
Checking invariant weight... [0.000s CPU, 0.000s wall-clock]
Instantiating groups... [0.000s CPU, 0.000s wall-clock]
Collecting mutex groups... [0.010s CPU, 0.000s wall-clock]
Choosing groups...
0 uncovered facts
Choosing groups: [0.000s CPU, 0.001s wall-clock]
Building translation key... [0.000s CPU, 0.000s wall-clock]
Computing fact groups: [0.010s CPU, 0.005s wall-clock]
Building STRIPS to SAS dictionary... [0.000s CPU, 0.000s wall-clock]
Building dictionary for full mutex groups... [0.000s CPU, 0.000s wall-clock]
Building mutex information...
Building mutex information: [0.000s CPU, 0.000s wall-clock]
Translating task...
Processing axioms...
Simplifying axioms... [0.000s CPU, 0.000s wall-clock]
Translator axioms removed by simplifying: 0
Processing axioms: [0.000s CPU, 0.000s wall-clock]
Translating task: [0.000s CPU, 0.004s wall-clock]
0 effect conditions s",,47.0,0.009745,0.141161,699.0
FD-ASTAR-LM,gripper,GR-4,22,,,False,,120.0072,,TIMEOUT,,,,,
FD-GBFS-FF,gripper,GR-4,22,,,True,85.0,2.3106,566.0,"INFO     planner time limit: None
INFO     planner memory limit: None

INFO     Running translator.
INFO     translator stdin: None
INFO     translator time limit: None
INFO     translator memory limit: None
INFO     translator command line string: /usr/bin/python3 /workspace/downward/builds/release/bin/translate/translate.py /data/gripper/domain.pddl /data/gripper/instances/instance-10.pddl --sas-file output.sas
Parsing...
Parsing: [0.010s CPU, 0.044s wall-clock]
Normalizing task... [0.000s CPU, 0.000s wall-clock]
Instantiating...
Generating Datalog program... [0.000s CPU, 0.001s wall-clock]
Normalizing Datalog program...
Normalizing Datalog program: [0.000s CPU, 0.039s wall-clock]
Preparing model... [0.000s CPU, 0.001s wall-clock]
Generated 24 rules.
Computing model... [0.010s CPU, 0.003s wall-clock]
351 relevant atoms
240 auxiliary atoms
591 final queue length
792 total queue pushes
Completing instantiation... [0.000s CPU, 0.003s wall-clock]
Instantiating: [0.010s CPU, 0.066s wall-clock]
Computing fact groups...
Finding invariants...
10 initial candidates
Finding invariants: [0.000s CPU, 0.003s wall-clock]
Checking invariant weight... [0.000s CPU, 0.000s wall-clock]
Instantiating groups... [0.000s CPU, 0.001s wall-clock]
Collecting mutex groups... [0.000s CPU, 0.000s wall-clock]
Choosing groups...
0 uncovered facts
Choosing groups: [0.000s CPU, 0.000s wall-clock]
Building translation key... [0.000s CPU, 0.000s wall-clock]
Computing fact groups: [0.010s CPU, 0.009s wall-clock]
Building STRIPS to SAS dictionary... [0.000s CPU, 0.000s wall-clock]
Building dictionary for full mutex groups... [0.000s CPU, 0.000s wall-clock]
Building mutex information...
Building mutex information: [0.000s CPU, 0.000s wall-clock]
Translating task...
Processing axioms...
Simplifying axioms... [0.000s CPU, 0.000s wall-clock]
Translator axioms removed by simplifying: 0
Processing axioms: [0.000s CPU, 0.000s wall-clock]
Translating task: [0.000s CPU, 0.008s wall-clock]
0 effect conditions ",,85.0,0.042307,0.124169,9307.0
FD-LAMA,gripper,GR-4,22,,,True,65.0,2.6133,97.0,"INFO     planner time limit: None
INFO     planner memory limit: None

INFO     Running translator.
INFO     translator stdin: None
INFO     translator time limit: None
INFO     translator memory limit: None
INFO     translator command line string: /usr/bin/python3 /workspace/downward/builds/release/bin/translate/translate.py /data/gripper/domain.pddl /data/gripper/instances/instance-10.pddl --sas-file output.sas
Parsing...
Parsing: [0.010s CPU, 0.010s wall-clock]
Normalizing task... [0.000s CPU, 0.000s wall-clock]
Instantiating...
Generating Datalog program... [0.000s CPU, 0.000s wall-clock]
Normalizing Datalog program...
Normalizing Datalog program: [0.000s CPU, 0.003s wall-clock]
Preparing model... [0.000s CPU, 0.001s wall-clock]
Generated 24 rules.
Computing model... [0.000s CPU, 0.003s wall-clock]
351 relevant atoms
240 auxiliary atoms
591 final queue length
792 total queue pushes
Completing instantiation... [0.010s CPU, 0.004s wall-clock]
Instantiating: [0.010s CPU, 0.012s wall-clock]
Computing fact groups...
Finding invariants...
10 initial candidates
Finding invariants: [0.000s CPU, 0.007s wall-clock]
Checking invariant weight... [0.000s CPU, 0.000s wall-clock]
Instantiating groups... [0.000s CPU, 0.003s wall-clock]
Collecting mutex groups... [0.000s CPU, 0.000s wall-clock]
Choosing groups...
0 uncovered facts
Choosing groups: [0.000s CPU, 0.000s wall-clock]
Building translation key... [0.000s CPU, 0.000s wall-clock]
Computing fact groups: [0.000s CPU, 0.012s wall-clock]
Building STRIPS to SAS dictionary... [0.000s CPU, 0.000s wall-clock]
Building dictionary for full mutex groups... [0.000s CPU, 0.000s wall-clock]
Building mutex information...
Building mutex information: [0.000s CPU, 0.000s wall-clock]
Translating task...
Processing axioms...
Simplifying axioms... [0.000s CPU, 0.000s wall-clock]
Translator axioms removed by simplifying: 0
Processing axioms: [0.000s CPU, 0.000s wall-clock]
Translating task: [0.010s CPU, 0.022s wall-clock]
0 effect conditions ",,65.0,0.01035,0.117908,1260.0
FD-ASTAR-LM,gripper,GR-5,30,,,False,,120.0146,,TIMEOUT,,,,,
FD-GBFS-FF,gripper,GR-5,30,,,True,117.0,3.1482,1014.0,"INFO     planner time limit: None
INFO     planner memory limit: None

INFO     Running translator.
INFO     translator stdin: None
INFO     translator time limit: None
INFO     translator memory limit: None
INFO     translator command line string: /usr/bin/python3 /workspace/downward/builds/release/bin/translate/translate.py /data/gripper/domain.pddl /data/gripper/instances/instance-14.pddl --sas-file output.sas
Parsing...
Parsing: [0.010s CPU, 0.062s wall-clock]
Normalizing task... [0.000s CPU, 0.000s wall-clock]
Instantiating...
Generating Datalog program... [0.000s CPU, 0.000s wall-clock]
Normalizing Datalog program...
Normalizing Datalog program: [0.010s CPU, 0.006s wall-clock]
Preparing model... [0.000s CPU, 0.005s wall-clock]
Generated 24 rules.
Computing model... [0.000s CPU, 0.004s wall-clock]
471 relevant atoms
320 auxiliary atoms
791 final queue length
1064 total queue pushes
Completing instantiation... [0.000s CPU, 0.007s wall-clock]
Instantiating: [0.010s CPU, 0.024s wall-clock]
Computing fact groups...
Finding invariants...
10 initial candidates
Finding invariants: [0.010s CPU, 0.005s wall-clock]
Checking invariant weight... [0.000s CPU, 0.000s wall-clock]
Instantiating groups... [0.000s CPU, 0.001s wall-clock]
Collecting mutex groups... [0.000s CPU, 0.000s wall-clock]
Choosing groups...
0 uncovered facts
Choosing groups: [0.000s CPU, 0.000s wall-clock]
Building translation key... [0.000s CPU, 0.000s wall-clock]
Computing fact groups: [0.010s CPU, 0.011s wall-clock]
Building STRIPS to SAS dictionary... [0.000s CPU, 0.000s wall-clock]
Building dictionary for full mutex groups... [0.000s CPU, 0.000s wall-clock]
Building mutex information...
Building mutex information: [0.000s CPU, 0.000s wall-clock]
Translating task...
Processing axioms...
Simplifying axioms... [0.000s CPU, 0.000s wall-clock]
Translator axioms removed by simplifying: 0
Processing axioms: [0.000s CPU, 0.000s wall-clock]
Translating task: [0.000s CPU, 0.008s wall-clock]
0 effect conditions",,117.0,0.09625,0.175376,22095.0
FD-LAMA,gripper,GR-5,30,,,True,89.0,2.7287,133.0,"INFO     planner time limit: None
INFO     planner memory limit: None

INFO     Running translator.
INFO     translator stdin: None
INFO     translator time limit: None
INFO     translator memory limit: None
INFO     translator command line string: /usr/bin/python3 /workspace/downward/builds/release/bin/translate/translate.py /data/gripper/domain.pddl /data/gripper/instances/instance-14.pddl --sas-file output.sas
Parsing...
Parsing: [0.000s CPU, 0.017s wall-clock]
Normalizing task... [0.000s CPU, 0.001s wall-clock]
Instantiating...
Generating Datalog program... [0.000s CPU, 0.015s wall-clock]
Normalizing Datalog program...
Normalizing Datalog program: [0.010s CPU, 0.003s wall-clock]
Preparing model... [0.000s CPU, 0.001s wall-clock]
Generated 24 rules.
Computing model... [0.000s CPU, 0.011s wall-clock]
471 relevant atoms
320 auxiliary atoms
791 final queue length
1064 total queue pushes
Completing instantiation... [0.010s CPU, 0.004s wall-clock]
Instantiating: [0.020s CPU, 0.039s wall-clock]
Computing fact groups...
Finding invariants...
10 initial candidates
Finding invariants: [0.000s CPU, 0.002s wall-clock]
Checking invariant weight... [0.000s CPU, 0.000s wall-clock]
Instantiating groups... [0.000s CPU, 0.023s wall-clock]
Collecting mutex groups... [0.000s CPU, 0.002s wall-clock]
Choosing groups...
0 uncovered facts
Choosing groups: [0.000s CPU, 0.000s wall-clock]
Building translation key... [0.000s CPU, 0.001s wall-clock]
Computing fact groups: [0.000s CPU, 0.040s wall-clock]
Building STRIPS to SAS dictionary... [0.000s CPU, 0.000s wall-clock]
Building dictionary for full mutex groups... [0.000s CPU, 0.000s wall-clock]
Building mutex information...
Building mutex information: [0.000s CPU, 0.007s wall-clock]
Translating task...
Processing axioms...
Simplifying axioms... [0.000s CPU, 0.000s wall-clock]
Translator axioms removed by simplifying: 0
Processing axioms: [0.000s CPU, 0.000s wall-clock]
Translating task: [0.010s CPU, 0.009s wall-clock]
0 effect conditions",,89.0,0.009593,0.103626,2260.0
